date,nav
2006-04-03,22.0557
2006-04-04,22.1181
2006-04-05,22.2941
2006-04-07,21.9366
2006-04-10,22.0853
2006-04-12,21.4639
2006-04-13,21.2448
2006-04-17,21.7477
2006-04-18,22.3366
2006-04-19,22.4485
2006-04-20,22.6864
2006-04-21,22.6828
2006-04-24,22.5287
2006-04-25,21.9843
2006-04-26,22.5732
2006-04-27,22.271
2006-04-28,22.2808
2006-05-02,22.8956
2006-05-03,23.0777
2006-05-04,23.1692
2006-05-05,23.2674
2006-05-08,23.4523
2006-05-09,23.6256
2006-05-10,23.8395
2006-05-11,23.5032
2006-05-12,23.1782
2006-05-15,22.2415
2006-05-16,22.3707
2006-05-17,23.0723
2006-05-18,21.517
2006-05-19,20.6107
2006-05-22,19.5433
2006-05-23,20.2885
2006-05-24,19.7567
2006-05-25,20.1652
2006-05-26,20.3766
2006-05-29,20.4072
2006-05-30,20.2195
2006-05-31,19.4956
2006-06-01,18.8274
2006-06-02,19.6435
2006-06-05,19.1695
2006-06-06,18.6681
2006-06-07,18.1796
2006-06-08,17.3166
2006-06-09,18.2155
2006-06-12,17.6468
2006-06-13,16.9267
2006-06-14,16.7341
2006-06-15,17.7885
2006-06-16,18.3718
2006-06-19,18.5483
2006-06-20,18.1953
2006-06-21,18.5902
2006-06-22,19.0436
2006-06-23,19.3537
2006-06-26,18.7215
2006-06-27,18.9693
2006-06-28,18.9605
2006-06-29,19.0846
2006-06-30,19.911
2006-07-03,20.0536
2006-07-04,19.9756
2006-07-05,20.3436
2006-07-06,20.0966
2006-07-07,19.5903
2006-07-10,20.0191
2006-07-11,19.856
2006-07-12,20.3575
2006-07-13,20.1897
2006-07-14,19.8886
2006-07-17,19.1562
2006-07-18,19.0682
2006-07-19,18.6836
2006-07-20,19.2533
2006-07-21,18.7607
2006-07-24,19.0178
2006-07-25,19.3621
2006-07-26,19.8016
2006-07-27,20.0921
2006-07-28,19.9348
2006-07-31,20.0123
2006-08-01,20.0428
2006-08-02,20.2604
2006-08-03,20.31
2006-08-04,20.2248
2006-08-07,20.0694
2006-08-08,20.4673
2006-08-09,20.7372
2006-08-10,20.7755
2006-08-11,20.8693
2006-08-14,21.1238
2006-08-16,21.3968
2006-08-17,21.3831
2006-08-18,21.4039
2006-08-21,21.4607
2006-08-22,21.4514
2006-08-23,21.2699
2006-08-24,21.4887
2006-08-25,21.5869
2006-08-28,21.6819
2006-08-29,21.8373
2006-08-30,21.8666
2006-08-31,21.7431
2006-09-01,21.8803
2006-09-04,22.1426
2006-09-05,22.1222
2006-09-06,22.1826
2006-09-07,22.039
2006-09-08,22.1456
2006-09-11,21.4778
2006-09-12,21.6278
2006-09-13,22.0373
2006-09-14,22.1451
2006-09-15,22.1894
2006-09-18,22.2786
2006-09-19,22.0546
2006-09-20,22.3413
2006-09-21,22.6602
2006-09-22,22.6051
2006-09-25,22.4727
2006-09-26,22.7785
2006-09-27,22.8254
2006-09-28,22.7827
2006-09-29,22.8824
2006-10-03,22.7529
2006-10-04,22.4083
2006-10-05,22.7222
2006-10-06,22.7521
2006-10-09,22.7348
2006-10-10,22.7591
2006-10-11,22.6793
2006-10-12,23.0754
2006-10-13,23.4238
2006-10-16,23.7261
2006-10-17,23.6688
2006-10-18,23.6405
2006-10-19,23.4346
2006-10-20,23.4299
2006-10-23,23.3081
2006-10-26,23.435
2006-10-27,23.8259
2006-10-30,24.0125
2006-10-31,23.854
2006-11-01,23.9972
2006-11-02,24.1527
2006-11-03,24.2425
2006-11-06,24.2659
2006-11-07,24.1989
2006-11-08,24.0628
2006-11-09,24.1815
2006-11-10,24.4243
2006-11-13,24.5745
2006-11-14,24.6195
2006-11-15,24.6861
2006-11-16,24.6895
2006-11-17,24.5349
2006-11-20,24.5554
2006-11-21,24.9497
2006-11-22,25.1816
2006-11-23,25.1214
2006-11-24,25.1548
2006-11-27,25.2683
2006-11-28,24.9695
2006-11-29,25.0099
2006-11-30,25.176
2006-12-01,25.4488
2006-12-04,25.4698
2006-12-05,25.563
2006-12-06,25.5639
2006-12-07,25.5594
2006-12-08,25.2204
2006-12-11,24.5061
2006-12-12,23.665
2006-12-13,23.9615
2006-12-14,24.4543
2006-12-15,24.7419
2006-12-18,25.032
2006-12-19,24.4164
2006-12-20,24.3116
2006-12-21,24.4251
2006-12-22,24.6635
2006-12-26,25.101
2006-12-27,25.366
2006-12-28,25.343
2006-12-29,25.3162
2007-01-02,25.5746
2007-01-03,25.6798
2007-01-04,25.4558
2007-01-05,25.4211
2007-01-08,25.1024
2007-01-09,24.9624
2007-01-10,24.5747
2007-01-11,25.1549
2007-01-12,25.8535
2007-01-15,26.02
2007-01-16,26.0328
2007-01-17,26.0065
2007-01-18,26.2134
2007-01-19,26.0928
2007-01-22,26.1735
2007-01-23,25.9444
2007-01-24,26.0957
2007-01-25,26.4626
2007-01-29,26.3131
2007-01-31,26.046
2007-02-01,26.4004
2007-02-02,26.6938
2007-02-05,26.8944
2007-02-06,26.7734
2007-02-07,26.9486
2007-02-08,26.9428
2007-02-09,26.7155
2007-02-12,25.951
2007-02-13,25.8672
2007-02-14,25.8846
2007-02-15,26.5128
2007-02-19,26.6298
2007-02-20,26.2633
2007-02-21,26.1962
2007-02-22,25.8384
2007-02-23,25.1953
2007-02-26,25.2109
2007-02-27,24.9046
2007-02-28,23.9602
2007-03-01,24.3782
2007-03-02,23.8411
2007-03-05,22.8852
2007-03-06,23.3865
2007-03-07,23.2021
2007-03-08,24.048
2007-03-09,23.7751
2007-03-12,23.8788
2007-03-13,24.1053
2007-03-14,23.2973
2007-03-15,23.3154
2007-03-16,23.0969
2007-03-19,23.5423
2007-03-20,23.6607
2007-03-21,24.1082
2007-03-22,24.8177
2007-03-23,24.7255
2007-03-26,24.4719
2007-03-28,24.1003
2007-03-29,24.3358
2007-03-30,24.4843
2007-04-02,23.2865
2007-04-03,23.6353
2007-04-04,23.9065
2007-04-05,24.0249
2007-04-09,24.6027
2007-04-10,24.632
2007-04-11,24.7235
2007-04-12,24.5146
2007-04-13,25.0828
2007-04-16,25.6904
2007-04-17,25.5063
2007-04-18,25.6733
2007-04-19,25.5857
2007-04-20,26.1344
2007-04-23,26.1772
2007-04-24,26.5364
2007-04-25,26.6982
2007-04-26,26.7652
2007-04-27,26.1653
2007-04-30,26.192
2007-05-03,26.5829
2007-05-04,26.3697
2007-05-07,26.329
2007-05-08,26.1113
2007-05-09,26.1255
2007-05-10,26.0449
2007-05-11,26.1073
2007-05-14,26.4741
2007-05-15,26.3838
2007-05-16,26.7069
2007-05-17,27.0198
2007-05-18,26.9843
2007-05-21,27.2786
2007-05-22,27.3876
2007-05-23,27.1814
2007-05-24,26.9172
2007-05-25,27.1928
2007-05-28,27.2447
2007-05-29,27.4772
2007-05-30,27.1972
2007-05-31,27.4912
2007-06-01,27.5132
2007-06-04,27.318
2007-06-05,27.4297
2007-06-06,26.8769
2007-06-07,26.754
2007-06-08,26.5396
2007-06-11,26.5425
2007-06-12,26.6101
2007-06-13,26.3497
2007-06-14,26.7235
2007-06-15,26.7373
2007-06-18,26.5793
2007-06-19,27.0075
2007-06-20,27.2259
2007-06-21,27.3447
2007-06-22,27.2469
2007-06-25,27.2913
2007-06-26,27.4585
2007-06-27,27.3182
2007-06-28,27.4414
2007-06-29,27.6724
2007-07-02,27.6419
2007-07-03,27.9204
2007-07-04,27.931
2007-07-05,27.8966
2007-07-06,28.0939
2007-07-09,28.3111
2007-07-10,28.2288
2007-07-11,28.1075
2007-07-12,28.483
2007-07-13,28.857
2007-07-16,28.9167
2007-07-17,28.8212
2007-07-18,28.8383
2007-07-19,29.2352
2007-07-20,29.2595
2007-07-23,29.5946
2007-07-24,29.602
2007-07-25,29.3968
2007-07-26,29.5924
2007-07-27,28.4875
2007-07-30,28.4523
2007-07-31,29.0146
2007-08-01,27.8478
2007-08-02,27.9171
2007-08-03,28.2103
2007-08-06,27.8127
2007-08-07,27.927
2007-08-08,28.611
2007-08-09,28.2352
2007-08-10,27.7865
2007-08-13,28.0399
2007-08-14,28.0187
2007-08-16,26.8064
2007-08-17,26.361
2007-08-20,26.995
2007-08-21,26.1435
2007-08-22,26.639
2007-08-23,26.3968
2007-08-24,26.8744
2007-08-27,27.5848
2007-08-28,27.6993
2007-08-29,27.9442
2007-08-30,28.2855
2007-08-31,28.6146
2007-09-03,28.6813
2007-09-04,28.7122
2007-09-05,28.6927
2007-09-06,28.9618
2007-09-07,28.9046
2007-09-10,28.9266
2007-09-11,28.8568
2007-09-12,28.855
2007-09-13,29.0575
2007-09-14,28.9862
2007-09-17,28.8362
2007-09-18,29.1631
2007-09-19,30.3454
2007-09-20,30.4272
2007-09-21,30.9828
2007-09-24,31.5798
2007-09-25,31.6211
2007-09-26,31.6302
2007-09-27,32.0097
2007-09-28,32.1422
2007-10-01,32.4425
2007-10-03,33.3399
2007-10-04,33.325
2007-10-05,33.1724
2007-10-08,32.5344
2007-10-09,34.052
2007-10-10,34.7719
2007-10-11,35.2956
2007-10-12,34.6848
2007-10-15,36.2133
2007-10-16,36.197
2007-10-17,35.5101
2007-10-18,34.1889
2007-10-19,33.3336
2007-10-22,33.1378
2007-10-23,34.9662
2007-10-24,35.1063
2007-10-25,35.57
2007-10-26,36.4123
2007-10-29,37.7247
2007-10-30,37.4896
2007-10-31,37.6907
2007-11-01,37.4783
2007-11-02,37.8965
2007-11-05,37.3532
2007-11-06,36.9631
2007-11-07,36.937
2007-11-08,36.4035
2007-11-12,35.8762
2007-11-13,36.3754
2007-11-14,37.915
2007-11-15,37.748
2007-11-16,37.7183
2007-11-19,37.7271
2007-11-20,36.917
2007-11-21,35.5071
2007-11-22,35.2324
2007-11-23,35.7924
2007-11-26,36.5668
2007-11-27,36.3545
2007-11-28,35.8397
2007-11-29,35.9469
2007-11-30,36.7577
2007-12-03,37.4006
2007-12-04,37.3555
2007-12-05,37.8762
2007-12-06,37.9709
2007-12-07,38.0984
2007-12-10,38.0093
2007-12-17,36.8352
2007-12-18,36.6144
2007-12-19,36.6718
2007-12-20,36.6926
2007-12-24,37.9587
2007-12-26,38.4758
2007-12-27,38.5353
2007-12-28,38.5192
2007-12-31,38.8816
2008-01-01,38.9092
2008-01-02,39.1195
2008-01-03,39.0836
2008-01-04,39.6827
2008-01-07,39.702
2008-01-08,39.7621
2008-01-09,39.6571
2008-01-10,38.9467
2008-01-11,39.1969
2008-01-14,39.2373
2008-01-15,38.4045
2008-01-16,37.5328
2008-01-17,37.3882
2008-01-18,36.0754
2008-01-21,32.9376
2008-01-22,30.9804
2008-01-23,32.9036
2008-01-24,31.8191
2008-01-25,34.0238
2008-01-28,33.3274
2008-01-29,33.369
2008-01-30,32.6505
2008-01-31,32.4591
2008-02-01,33.6057
2008-02-04,34.553
2008-02-05,34.6794
2008-02-06,33.6558
2008-02-07,32.4587
2008-02-08,32.3802
2008-02-11,30.7013
2008-02-12,30.582
2008-02-13,31.1712
2008-02-14,32.903
2008-02-15,33.5482
2008-02-18,33.3763
2008-02-19,33.4009
2008-02-20,32.5986
2008-02-21,32.8287
2008-02-22,32.3087
2008-02-25,32.8731
2008-02-26,33.3088
2008-02-27,33.293
2008-02-28,33.3917
2008-02-29,33.0104
2008-03-03,31.2794
2008-03-04,30.7135
2008-03-05,31.0697
2008-03-07,30.1222
2008-03-10,30.3065
2008-03-11,30.7194
2008-03-12,30.7457
2008-03-13,29.15
2008-03-14,29.9196
2008-03-17,28.3884
2008-03-18,28.5701
2008-03-19,28.8328
2008-03-24,29.0561
2008-03-25,30.7374
2008-03-26,30.5515
2008-03-27,30.5425
2008-03-28,31.211
2008-03-31,29.8732
2008-04-01,29.9079
2008-04-02,29.9993
2008-04-03,30.1075
2008-04-04,29.331
2008-04-07,30.0375
2008-04-08,29.7152
2008-04-09,29.9486
2008-04-10,29.8635
2008-04-11,30.142
2008-04-15,30.7733
2008-04-16,30.8204
2008-04-17,31.2631
2008-04-21,31.7463
2008-04-22,31.8212
2008-04-23,31.6558
2008-04-24,31.5127
2008-04-25,32.2032
2008-04-28,32.0634
2008-04-29,32.7239
2008-04-30,32.5465
2008-05-02,32.9178
2008-05-05,32.6899
2008-05-06,32.3893
2008-05-07,32.3279
2008-05-08,32.0124
2008-05-09,31.3842
2008-05-12,31.5686
2008-05-13,31.2209
2008-05-14,31.561
2008-05-15,32.2132
2008-05-16,32.4781
2008-05-20,32.1427
2008-05-21,32.2243
2008-05-22,31.6427
2008-05-23,31.1452
2008-05-26,30.6926
2008-05-27,30.5951
2008-05-28,30.9634
2008-05-29,30.4754
2008-05-30,30.6914
2008-06-02,29.868
2008-06-03,29.7185
2008-06-04,28.8976
2008-06-05,29.4718
2008-06-06,29.161
2008-06-09,28.3599
2008-06-10,28.0389
2008-06-11,28.5003
2008-06-12,28.5988
2008-06-13,28.4572
2008-06-16,28.8097
2008-06-17,29.3136
2008-06-18,28.8741
2008-06-19,28.381
2008-06-20,27.3958
2008-06-23,26.879
2008-06-24,26.4045
2008-06-25,26.7907
2008-06-26,27.1851
2008-06-27,26.0721
2008-06-30,25.4651
2008-07-01,24.5554
2008-07-02,25.7901
2008-07-03,24.7402
2008-07-04,25.3082
2008-07-07,25.3908
2008-07-08,25.1285
2008-07-09,26.1868
2008-07-10,26.2311
2008-07-11,25.518
2008-07-14,25.4614
2008-07-15,24.3449
2008-07-16,24.082
2008-07-17,24.8995
2008-07-18,25.8195
2008-07-21,26.2402
2008-07-22,26.7419
2008-07-23,28.2112
2008-07-24,27.9415
2008-07-25,27.1804
2008-07-28,27.3025
2008-07-29,26.4116
2008-07-30,27.1775
2008-07-31,27.3071
2008-08-01,27.8177
2008-08-04,27.7083
2008-08-05,28.3783
2008-08-06,28.4902
2008-08-07,28.5282
2008-08-08,28.5657
2008-08-11,29.1329
2008-08-12,28.7051
2008-08-13,28.5597
2008-08-14,27.9443
2008-08-18,27.7093
2008-08-19,27.5523
2008-08-20,27.8541
2008-08-21,27.0281
2008-08-22,27.3002
2008-08-25,27.3501
2008-08-26,27.3637
2008-08-27,27.0763
2008-08-28,26.5931
2008-08-29,27.4941
2008-09-01,27.4271
2008-09-02,28.4085
2008-09-04,28.0567
2008-09-05,27.4563
2008-09-08,28.3016
2008-09-09,28.2306
2008-09-10,27.8014
2008-09-11,27.1106
2008-09-12,26.7203
2008-09-15,25.7356
2008-09-16,25.7489
2008-09-17,25.3325
2008-09-18,25.5196
2008-09-19,26.8257
2008-09-22,26.6796
2008-09-23,26.0716
2008-09-24,26.2875
2008-09-25,25.9674
2008-09-26,25.1728
2008-09-29,24.3205
2008-09-30,24.7635
2008-10-01,24.9495
2008-10-03,24.1156
2008-10-06,22.7577
2008-10-07,22.7849
2008-10-08,22.201
2008-10-10,20.7392
2008-10-13,22.0512
2008-10-14,22.2207
2008-10-15,21.0962
2008-10-16,20.6745
2008-10-17,19.4578
2008-10-20,19.7604
2008-10-21,20.453
2008-10-22,19.4001
2008-10-23,18.6479
2008-10-24,16.4161
2008-10-27,16.0391
2008-10-29,17.0965
2008-10-31,18.2221
2008-11-03,19.2042
2008-11-04,19.8239
2008-11-05,18.9076
2008-11-06,18.2725
2008-11-07,18.7777
2008-11-10,19.8722
2008-11-11,18.555
2008-11-12,17.9917
2008-11-14,17.7522
2008-11-17,17.6863
2008-11-18,16.9475
2008-11-19,16.6428
2008-11-20,16.1343
2008-11-21,17.0136
2008-11-24,17.1049
2008-11-25,16.7674
2008-11-26,17.3821
2008-11-28,17.3999
2008-12-01,16.9418
2008-12-02,16.7866
2008-12-03,16.7781
2008-12-04,17.5985
2008-12-05,17.1359
2008-12-08,17.5748
2008-12-10,18.4717
2008-12-11,18.4163
2008-12-12,18.4157
2008-12-15,18.7881
2008-12-16,19.1674
2008-12-17,18.6155
2008-12-18,19.2922
2008-12-19,19.3965
2008-12-22,19.1501
2008-12-23,18.7444
2008-12-24,18.417
2008-12-26,18.0378
2008-12-29,18.4459
2008-12-30,18.8063
2008-12-31,18.6773
2009-01-01,19.1462
2009-01-02,19.2288
2009-01-05,19.698
2009-01-06,19.6425
2009-01-07,18.4211
2009-01-09,18.1176
2009-01-12,17.4822
2009-01-13,17.3005
2009-01-14,17.8725
2009-01-15,17.248
2009-01-16,17.8285
2009-01-19,17.9383
2009-01-20,17.621
2009-01-21,17.0484
2009-01-22,17.0959
2009-01-23,16.8723
2009-01-27,17.4577
2009-01-28,17.955
2009-01-29,17.8136
2009-01-30,18.1467
2009-02-02,17.4596
2009-02-03,17.5686
2009-02-04,17.6907
2009-02-05,17.5455
2009-02-06,17.9429
2009-02-09,18.4259
2009-02-10,18.5174
2009-02-11,18.4615
2009-02-12,18.2566
2009-02-13,18.6054
2009-02-16,17.9718
2009-02-17,17.4835
2009-02-18,17.5202
2009-02-19,17.6037
2009-02-20,17.2686
2009-02-24,17.2501
2009-02-25,17.4294
2009-02-26,17.5745
2009-02-27,17.4346
2009-03-02,16.8717
2009-03-03,16.5428
2009-03-04,16.6862
2009-03-05,16.2546
2009-03-06,16.5276
2009-03-09,16.2291
2009-03-12,16.5067
2009-03-13,17.1468
2009-03-16,17.5094
2009-03-17,17.3831
2009-03-18,17.6164
2009-03-19,17.6952
2009-03-20,17.6937
2009-03-23,18.5273
2009-03-24,18.5185
2009-03-25,18.8056
2009-03-26,19.4206
2009-03-27,19.5849
2009-03-30,18.7654
2009-03-31,19.032
2009-04-01,19.2789
2009-04-02,20.2255
2009-04-06,20.5086
2009-04-08,21.0483
2009-04-09,21.0419
2009-04-13,21.2922
2009-04-15,21.9257
2009-04-16,21.2072
2009-04-17,21.3004
2009-04-20,21.2519
2009-04-21,21.1768
2009-04-22,20.9554
2009-04-23,21.5401
2009-04-24,21.8975
2009-04-27,21.8279
2009-04-28,21.1547
2009-04-29,21.848
2009-05-04,22.9441
2009-05-05,22.9931
2009-05-06,22.7627
2009-05-07,23.1289
2009-05-08,22.7346
2009-05-11,22.3204
2009-05-12,23.1078
2009-05-13,22.821
2009-05-14,22.563
2009-05-15,23.0494
2009-05-19,27.0769
2009-05-20,26.8046
2009-05-21,26.4746
2009-05-22,26.5723
2009-05-25,26.5629
2009-05-26,25.8116
2009-05-27,26.8004
2009-05-28,27.1773
2009-05-29,27.8704
2009-06-01,28.3704
2009-06-02,28.3401
2009-06-03,28.373
2009-06-04,28.6467
2009-06-05,28.7337
2009-06-08,27.7513
2009-06-09,28.5011
2009-06-10,29.1667
2009-06-11,29.071
2009-06-12,28.7397
2009-06-15,28.1174
2009-06-16,28.3299
2009-06-17,27.3202
2009-06-18,26.6662
2009-06-19,27.0507
2009-06-22,26.5585
2009-06-23,26.6312
2009-06-24,26.9197
2009-06-25,26.5548
2009-06-26,27.3944
2009-06-29,27.4898
2009-06-30,26.8623
2009-07-01,27.1742
2009-07-02,27.2252
2009-07-03,27.6972
2009-07-06,26.1088
2009-07-07,26.3346
2009-07-08,25.563
2009-07-09,25.5797
2009-07-10,25.0967
2009-07-13,24.9293
2009-07-14,25.7852
2009-07-15,26.5486
2009-07-16,26.5336
2009-07-17,27.432
2009-07-20,28.2254
2009-07-21,28.0158
2009-07-22,27.576
2009-07-23,28.3564
2009-07-24,28.6452
2009-07-27,28.6685
2009-07-28,28.616
2009-07-29,28.2983
2009-07-30,28.6634
2009-07-31,29.0638
2009-08-03,29.5267
2009-08-04,29.3394
2009-08-05,29.4235
2009-08-06,28.748
2009-08-07,28.0988
2009-08-10,27.8206
2009-08-11,28.0261
2009-08-12,27.9429
2009-08-13,28.8618
2009-08-14,28.7049
2009-08-17,27.5031
2009-08-18,27.9602
2009-08-19,27.5562
2009-08-20,27.9272
2009-08-21,28.3998
2009-08-24,29.1077
2009-08-25,29.2098
2009-08-26,29.3453
2009-08-27,29.39
2009-08-28,29.6682
2009-08-31,29.2246
2009-09-01,28.9969
2009-09-02,28.8897
2009-09-03,28.7978
2009-09-04,29.3373
2009-09-07,29.9723
2009-09-08,30.1106
2009-09-09,30.1654
2009-09-10,30.1995
2009-09-11,30.2724
2009-09-14,30.1396
2009-09-15,30.6594
2009-09-16,31.0673
2009-09-17,31.1123
2009-09-18,31.1768
2009-09-22,31.4493
2009-09-23,31.1341
2009-09-24,31.2365
2009-09-25,31.0627
2009-09-29,31.3568
2009-09-30,31.8354
2009-10-01,31.8309
2009-10-05,31.3267
2009-10-06,31.4756
2009-10-07,31.214
2009-10-08,31.3155
2009-10-09,30.959
2009-10-12,31.634
2009-10-14,32.0291
2009-10-15,31.9771
2009-10-16,32.2043
2009-10-20,32.0274
2009-10-21,31.7024
2009-10-22,31.2337
2009-10-23,31.2849
2009-10-26,31.1182
2009-10-27,30.3449
2009-10-28,30.2165
2009-10-29,29.7458
2009-10-30,29.5031
2009-11-03,28.5795
2009-11-04,29.4875
2009-11-05,29.8252
2009-11-06,30.0216
2009-11-09,30.6547
2009-11-10,30.5434
2009-11-11,31.3042
2009-11-12,30.9816
2009-11-13,31.2689
2009-11-16,31.6338
2009-11-17,31.6587
2009-11-18,31.6104
2009-11-19,31.1994
2009-11-20,31.5936
2009-11-23,31.9083
2009-11-24,31.826
2009-11-25,31.9344
2009-11-26,31.2941
2009-11-27,30.8953
2009-11-30,31.4561
2009-12-01,32.0145
2009-12-02,32.0231
2009-12-03,32.0673
2009-12-04,31.9248
2009-12-07,31.6584
2009-12-08,32.1603
2009-12-09,31.9356
2009-12-10,32.0741
2009-12-11,31.9649
2009-12-14,31.8882
2009-12-15,31.436
2009-12-16,31.4902
2009-12-17,31.4871
2009-12-18,31.1388
2009-12-21,30.9176
2009-12-22,31.1359
2009-12-23,32.1196
2009-12-24,32.3291
2009-12-29,32.3814
2009-12-30,32.2654
2009-12-31,32.4603
2010-01-04,32.6464
2010-01-05,32.9265
2010-01-06,32.9491
2010-01-07,32.8309
2010-01-08,32.7158
2010-01-11,32.7415
2010-01-12,32.4975
2010-01-13,32.6424
2010-01-14,32.8018
2010-01-15,32.7527
2010-01-18,32.8891
2010-01-19,32.5843
2010-01-20,32.558
2010-01-21,31.7655
2010-01-22,31.4029
2010-01-25,31.2234
2010-01-27,30.2521
2010-01-28,30.3383
2010-01-29,30.4293
2010-02-01,30.5365
2010-02-02,30.1056
2010-02-03,30.7316
2010-02-04,30.1984
2010-02-05,29.4203
2010-02-08,29.6763
2010-02-09,29.8778
2010-02-10,29.6572
2010-02-11,30.0861
2010-02-15,29.9276
2010-02-16,30.2592
2010-02-17,30.6181
2010-02-18,30.4567
2010-02-19,30.1902
2010-02-22,30.2578
2010-02-23,30.3413
2010-02-24,30.2691
2010-02-25,30.2743
2010-02-26,30.661
2010-03-02,31.2429
2010-03-03,31.6827
2010-03-04,31.6325
2010-03-05,31.6831
2010-03-08,31.8983
2010-03-09,31.7576
2010-03-10,31.848
2010-03-11,31.9533
2010-03-12,31.9745
2010-03-15,31.9201
2010-03-16,32.3486
2010-03-17,32.5572
2010-03-18,32.6448
2010-03-19,32.7486
2010-03-22,32.3874
2010-03-23,32.5112
2010-03-25,32.7263
2010-03-26,32.8586
2010-03-29,32.9841
2010-03-30,32.7807
2010-03-31,32.6967
2010-04-01,32.9519
2010-04-05,33.4292
2010-04-06,33.4127
2010-04-07,33.4633
2010-04-08,33.0277
2010-04-09,33.3808
2010-04-12,33.24
2010-04-13,33.1504
2010-04-15,32.8426
2010-04-16,32.7722
2010-04-19,32.4038
2010-04-20,32.565
2010-04-21,32.6553
2010-04-22,32.8059
2010-04-23,33.0197
2010-04-26,33.1295
2010-04-27,33.0409
2010-04-28,32.4627
2010-04-29,32.7015
2010-04-30,32.848
2010-05-03,32.5016
2010-05-04,32.0383
2010-05-05,31.8902
2010-05-06,31.6784
2010-05-07,31.2208
2010-05-10,32.3424
2010-05-11,31.971
2010-05-12,32.0963
2010-05-13,32.2322
2010-05-14,31.701
2010-05-17,31.489
2010-05-18,31.5264
2010-05-19,30.6217
2010-05-20,30.7966
2010-05-21,30.6935
2010-05-24,30.7692
2010-05-25,29.918
2010-05-26,30.6142
2010-05-27,31.1434
2010-05-28,31.534
2010-05-31,31.6518
2010-06-01,30.9347
2010-06-02,31.2396
2010-06-03,31.7996
2010-06-04,31.9526
2010-06-07,31.3217
2010-06-08,31.03
2010-06-09,31.1777
2010-06-10,31.6988
2010-06-11,31.9501
2010-06-14,32.4285
2010-06-15,32.5974
2010-06-16,32.6668
2010-06-17,32.9183
2010-06-18,32.8438
2010-06-21,33.4064
2010-06-22,33.1729
2010-06-23,33.2126
2010-06-24,33.1946
2010-06-25,32.8736
2010-06-28,33.2684
2010-06-29,32.8096
2010-06-30,33.1546
2010-07-01,32.7736
2010-07-02,32.6837
2010-07-05,32.6725
2010-07-06,33.0006
2010-07-07,32.7019
2010-07-08,33.0671
2010-07-09,33.4094
2010-07-12,33.6063
2010-07-13,33.7139
2010-07-14,33.6226
2010-07-15,33.575
2010-07-16,33.6673
2010-07-19,33.6172
2010-07-20,33.5011
2010-07-21,33.6945
2010-07-22,33.958
2010-07-23,34.0035
2010-07-26,33.8097
2010-07-27,33.8828
2010-07-28,33.6784
2010-07-29,33.752
2010-07-30,33.4924
2010-08-02,33.8882
2010-08-03,33.9357
2010-08-04,34.1113
2010-08-05,33.9827
2010-08-06,33.9322
2010-08-09,34.2291
2010-08-10,34.0799
2010-08-11,33.8292
2010-08-12,33.8019
2010-08-13,34.0229
2010-08-16,33.8122
2010-08-17,33.8318
2010-08-18,34.2375
2010-08-19,34.6159
2010-08-20,34.5549
2010-08-23,34.6308
2010-08-24,34.396
2010-08-25,34.1278
2010-08-26,34.2232
2010-08-27,33.791
2010-08-30,33.8351
2010-08-31,33.752
2010-09-01,34.1878
2010-09-02,34.2816
2010-09-03,34.2608
2010-09-06,34.8644
2010-09-07,35.0324
2010-09-08,35.0613
2010-09-09,35.2737
2010-09-13,36.0196
2010-09-14,36.238
2010-09-15,36.6456
2010-09-16,36.4415
2010-09-17,36.7935
2010-09-20,37.3848
2010-09-21,37.561
2010-09-22,37.4436
2010-09-23,37.2461
2010-09-24,37.609
2010-09-27,37.7126
2010-09-28,37.6728
2010-09-29,37.4274
2010-09-30,37.6564
2010-10-01,38.3603
2010-10-04,38.4555
2010-10-05,38.3694
2010-10-06,38.6207
2010-10-07,38.208
2010-10-08,38.1001
2010-10-11,38.2971
2010-10-12,38.016
2010-10-13,38.9006
2010-10-14,38.5474
2010-10-15,37.8342
2010-10-18,37.9114
2010-10-19,37.6077
2010-10-20,37.3252
2010-10-21,38.1054
2010-10-22,37.8849
2010-10-25,38.1273
2010-10-26,37.978
2010-10-27,37.546
2010-10-28,37.3887
2010-10-29,37.5738
2010-11-01,38.1981
2010-11-02,38.2016
2010-11-03,38.4488
2010-11-04,39.2109
2010-11-08,39.1505
2010-11-09,39.3242
2010-11-10,39.161
2010-11-11,38.6519
2010-11-12,37.8861
2010-11-15,38.1928
2010-11-16,37.3624
2010-11-18,37.4216
2010-11-19,36.7436
2010-11-22,37.4845
2010-11-23,37.0138
2010-11-24,36.5818
2010-11-25,36.1694
2010-11-26,35.8707
2010-11-29,36.352
2010-11-30,36.5537
2010-12-01,37.1642
2010-12-02,37.4765
2010-12-03,37.3551
2010-12-06,37.3475
2010-12-07,37.2484
2010-12-08,36.7929
2010-12-09,35.9377
2010-12-10,36.503
2010-12-13,36.8095
2010-12-14,37.0367
2010-12-15,36.7117
2010-12-16,37.0637
2010-12-20,37.0703
2010-12-21,37.4016
2010-12-22,37.2954
2010-12-23,37.2665
2010-12-24,37.4615
2010-12-27,37.3747
2010-12-28,37.3601
2010-12-29,37.7575
2010-12-30,38.0133
2010-12-31,38.214
2011-01-03,38.3526
2011-01-04,38.2808
2011-01-05,37.8641
2011-01-06,37.6655
2011-01-07,36.7639
2011-01-10,35.8749
2011-01-11,35.8184
2011-01-12,36.4983
2011-01-13,35.8019
2011-01-14,35.1922
2011-01-17,35.1895
2011-01-18,35.6229
2011-01-19,35.4157
2011-01-20,35.5425
2011-01-21,35.447
2011-01-24,35.7347
2011-01-25,35.3851
2011-01-27,34.8689
2011-01-28,34.292
2011-01-31,34.249
2011-02-01,33.6955
2011-02-02,33.7861
2011-02-03,34.3734
2011-02-04,33.5663
2011-02-07,33.5637
2011-02-08,33.0451
2011-02-09,32.6773
2011-02-10,32.5039
2011-02-11,33.0291
2011-02-14,33.9285
2011-02-15,34.0828
2011-02-16,34.0856
2011-02-17,34.486
2011-02-18,33.9413
2011-02-21,34.3078
2011-02-22,33.9995
2011-02-23,33.8003
2011-02-24,32.7142
2011-02-25,32.9663
2011-02-28,33.146
2011-03-01,34.3165
2011-03-03,34.4002
2011-03-04,34.4147
2011-03-07,33.9419
2011-03-08,34.2976
2011-03-09,34.3596
2011-03-10,34.1313
2011-03-11,33.8266
2011-03-14,34.3557
2011-03-15,33.847
2011-03-16,34.2265
2011-03-17,33.8334
2011-03-18,33.3836
2011-03-21,33.3241
2011-03-22,33.6276
2011-03-23,34.0375
2011-03-24,34.2938
2011-03-25,35.1101
2011-03-28,35.3106
2011-03-29,35.613
2011-03-30,35.9266
2011-03-31,36.2089
2011-04-01,36.1617
2011-04-04,36.672
2011-04-05,36.6783
2011-04-06,36.5634
2011-04-07,36.5236
2011-04-08,36.2517
2011-04-11,35.8975
2011-04-13,36.6739
2011-04-15,36.1324
2011-04-18,35.5371
2011-04-19,35.6077
2011-04-20,36.3067
2011-04-21,36.5098
2011-04-25,36.4556
2011-04-26,36.4165
2011-04-27,36.2014
2011-04-28,35.9006
2011-04-29,35.6766
2011-05-02,35.3739
2011-05-03,34.5299
2011-05-04,34.3546
2011-05-05,33.9044
2011-05-06,34.4681
2011-05-09,34.4619
2011-05-10,34.3995
2011-05-11,34.5453
2011-05-12,34.0552
2011-05-13,34.4149
2011-05-16,34.1272
2011-05-17,33.7543
2011-05-18,33.6394
2011-05-19,33.6845
2011-05-20,34.059
2011-05-23,33.4384
2011-05-24,33.488
2011-05-25,33.2028
2011-05-26,33.6126
2011-05-27,34.0046
2011-05-30,33.9823
2011-05-31,34.5203
2011-06-01,34.7165
2011-06-02,34.5026
2011-06-03,34.2927
2011-06-06,34.3832
2011-06-07,34.5316
2011-06-08,34.3643
2011-06-09,34.3268
2011-06-10,34.1556
2011-06-13,34.1331
2011-06-14,34.2415
2011-06-15,33.9111
2011-06-16,33.6012
2011-06-17,33.4114
2011-06-20,32.7327
2011-06-21,32.843
2011-06-22,32.8811
2011-06-23,33.1385
2011-06-24,34.0771
2011-06-27,34.4165
2011-06-28,34.5313
2011-06-29,34.8881
2011-06-30,35.1847
2011-07-01,35.0577
2011-07-04,35.2152
2011-07-05,35.099
2011-07-06,35.0561
2011-07-07,35.6992
2011-07-08,35.2797
2011-07-11,34.9978
2011-07-12,34.4359
2011-07-13,34.804
2011-07-14,34.9077
2011-07-15,34.7932
2011-07-18,34.7016
2011-07-19,35.0045
2011-07-20,34.7131
2011-07-21,34.5532
2011-07-22,35.1272
2011-07-25,35.4121
2011-07-26,34.7535
2011-07-27,34.5782
2011-07-28,34.2109
2011-07-29,34.1736
2011-08-01,34.3864
2011-08-02,34.0138
2011-08-03,33.6921
2011-08-04,33.2356
2011-08-05,32.4816
2011-08-08,31.9025
2011-08-09,31.6197
2011-08-10,32.1751
2011-08-11,32.0321
2011-08-12,31.6236
2011-08-16,31.3875
2011-08-17,31.536
2011-08-18,30.8367
2011-08-19,30.2227
2011-08-22,30.5491
2011-08-23,30.859
2011-08-24,30.4864
2011-08-25,30.1847
2011-08-26,29.6124
2011-08-29,30.6764
2011-08-30,31.1812
2011-09-02,31.4227
2011-09-05,31.2809
2011-09-06,31.579
2011-09-07,31.953
2011-09-08,32.1319
2011-09-09,31.5459
2011-09-12,30.836
2011-09-13,30.7794
2011-09-14,31.2327
2011-09-15,31.6288
2011-09-16,31.6808
2011-09-19,31.3525
2011-09-20,32.025
2011-09-21,31.9799
2011-09-22,30.6741
2011-09-23,30.3251
2011-09-26,30.1208
2011-09-27,30.9636
2011-09-28,30.8047
2011-09-29,31.2359
2011-09-30,30.7862
2011-10-03,30.2005
2011-10-04,29.7187
2011-10-05,29.5872
2011-10-07,30.4318
2011-10-10,30.9972
2011-10-11,30.9632
2011-10-12,31.739
2011-10-13,31.6036
2011-10-14,31.9409
2011-10-17,31.8496
2011-10-18,31.3466
2011-10-19,31.9771
2011-10-20,31.6971
2011-10-21,31.438
2011-10-24,31.735
2011-10-25,32.3167
2011-10-28,33.3641
2011-10-31,33.1506
2011-11-01,32.7225
2011-11-02,32.7243
2011-11-03,32.7682
2011-11-04,32.8889
2011-11-08,32.9151
2011-11-09,32.4865
2011-11-11,32.1569
2011-11-14,32.027
2011-11-15,31.5293
2011-11-16,31.2924
2011-11-17,30.6979
2011-11-18,30.5171
2011-11-21,29.7239
2011-11-22,29.9332
2011-11-23,29.2773
2011-11-24,29.5859
2011-11-25,29.2977
2011-11-28,30.1684
2011-11-29,29.8814
2011-11-30,30.0467
2011-12-01,30.6941
2011-12-02,31.3944
2011-12-05,31.3226
2011-12-07,31.4653
2011-12-08,30.7273
2011-12-09,30.249
2011-12-12,29.6133
2011-12-13,29.8355
2011-12-14,29.6032
2011-12-15,29.4975
2011-12-16,28.9104
2011-12-19,28.6689
2011-12-20,28.2408
2011-12-21,29.1607
2011-12-22,29.4113
2011-12-23,29.2873
2011-12-26,29.686
2011-12-27,29.5086
2011-12-28,29.2311
2011-12-29,28.8618
2011-12-30,28.7254
2012-01-02,28.799
2012-01-03,29.591
2012-01-04,29.4933
2012-01-05,29.494
2012-01-06,29.5358
2012-01-09,29.4626
2012-01-10,30.1215
2012-01-11,30.1898
2012-01-12,30.005
2012-01-13,30.2188
2012-01-16,30.2653
2012-01-17,30.8429
2012-01-18,30.7703
2012-01-19,31.1571
2012-01-20,31.3451
2012-01-23,31.3269
2012-01-24,31.8303
2012-01-25,32.0268
2012-01-27,32.3121
2012-01-30,31.5807
2012-01-31,32.2826
2012-02-01,32.509
2012-02-02,32.7199
2012-02-03,33.0656
2012-02-06,33.2837
2012-02-07,33.1182
2012-02-08,33.3213
2012-02-09,33.5937
2012-02-10,33.4005
2012-02-13,33.4552
2012-02-14,33.6145
2012-02-15,34.3331
2012-02-16,34.2695
2012-02-17,34.5312
2012-02-21,34.787
2012-02-22,34.1517
2012-02-23,34.0129
2012-02-24,33.6754
2012-02-27,32.7512
2012-02-28,33.3342
2012-02-29,33.3895
2012-03-01,33.1066
2012-03-02,33.2257
2012-03-05,32.732
2012-03-06,32.3762
2012-03-07,32.3611
2012-03-09,33.0578
2012-03-12,33.2259
2012-03-13,33.6508
2012-03-14,33.8583
2012-03-19,32.5859
2012-03-20,32.6926
2012-03-21,33.2488
2012-03-22,32.3993
2012-03-23,32.7055
2012-03-26,32.1222
2012-03-27,32.4888
2012-03-28,32.1896
2012-03-29,32.0902
2012-03-30,32.8084
2012-04-02,32.9427
2012-04-03,33.1919
2012-04-04,32.9709
2012-04-09,32.4187
2012-04-10,32.4744
2012-04-11,32.3698
2012-04-12,32.6771
2012-04-13,32.2474
2012-04-16,32.3569
2012-04-17,32.7479
2012-04-18,32.8102
2012-04-19,33.0092
2012-04-20,32.7512
2012-04-23,32.1906
2012-04-24,32.3255
2012-04-25,32.1968
2012-04-26,32.1124
2012-04-27,32.1209
2012-04-30,32.4726
2012-05-02,32.4144
2012-05-03,32.0999
2012-05-04,31.4721
2012-05-07,31.6354
2012-05-08,30.9302
2012-05-09,30.7739
2012-05-10,30.7165
2012-05-11,30.4885
2012-05-14,30.3551
2012-05-15,30.5697
2012-05-16,30.0471
2012-05-17,30.1194
2012-05-18,30.2491
2012-05-21,30.3352
2012-05-22,30.0537
2012-05-23,29.8995
2012-05-24,30.4746
2012-05-25,30.4671
2012-05-28,30.8663
2012-05-29,30.8924
2012-05-30,30.6486
2012-05-31,30.5496
2012-06-01,30.0385
2012-06-04,30.0754
2012-06-05,30.1676
2012-06-06,30.9931
2012-06-07,31.3355
2012-06-08,31.4513
2012-06-11,31.4079
2012-06-12,31.7887
2012-06-13,31.8217
2012-06-14,31.4281
2012-06-15,31.9484
2012-06-18,31.4801
2012-06-19,31.7245
2012-06-20,31.8269
2012-06-21,32.1015
2012-06-22,32.0152
2012-06-25,31.8195
2012-06-26,31.8563
2012-06-27,31.9856
2012-06-28,32.0576
2012-06-29,32.8593
2012-07-02,32.852
2012-07-03,32.9088
2012-07-04,33.0061
2012-07-05,33.1702
2012-07-06,33.1052
2012-07-09,32.8423
2012-07-10,33.276
2012-07-11,33.0223
2012-07-12,32.5925
2012-07-13,32.5444
2012-07-16,32.3704
2012-07-17,32.3418
2012-07-18,32.5002
2012-07-19,32.6632
2012-07-20,32.4281
2012-07-23,31.8862
2012-07-24,31.9755
2012-07-25,31.8585
2012-07-26,31.4443
2012-07-27,31.7957
2012-07-30,32.4141
2012-07-31,32.5942
2012-08-01,32.6684
2012-08-02,32.588
2012-08-03,32.5119
2012-08-06,32.9231
2012-08-07,33.2666
2012-08-08,33.2735
2012-08-09,33.1797
2012-08-10,33.1605
2012-08-13,33.3262
2012-08-14,33.5495
2012-08-16,33.4459
2012-08-17,33.4655
2012-08-21,33.8006
2012-08-22,33.7477
2012-08-23,33.7641
2012-08-24,33.586
2012-08-27,33.3584
2012-08-28,33.3345
2012-08-29,33.0426
2012-08-30,33.2075
2012-08-31,32.858
2012-09-03,32.8248
2012-09-04,32.9495
2012-09-05,32.6523
2012-09-06,32.7361
2012-09-07,33.3796
2012-09-10,33.5094
2012-09-11,33.6735
2012-09-12,33.928
2012-09-13,33.9529
2012-09-14,34.8462
2012-09-17,35.0438
2012-09-18,34.9848
2012-09-20,34.6957
2012-09-21,35.5471
2012-09-24,35.4084
2012-09-25,35.4338
2012-09-26,35.3672
2012-09-27,35.2733
2012-09-28,35.6057
2012-10-01,35.6991
2012-10-03,35.7743
2012-10-04,36.1234
2012-10-05,35.8686
2012-10-08,35.4232
2012-10-09,35.5999
2012-10-10,35.2738
2012-10-11,35.6199
2012-10-12,35.4193
2012-10-15,35.4848
2012-10-16,35.239
2012-10-17,35.314
2012-10-18,35.6913
2012-10-19,35.4789
2012-10-22,35.7551
2012-10-23,35.5917
2012-10-25,35.6758
2012-10-26,35.419
2012-10-29,35.4236
2012-10-30,35.0002
2012-10-31,35.1378
2012-11-01,35.3195
2012-11-02,35.6459
2012-11-05,35.6866
2012-11-06,35.811
2012-11-07,36.0329
2012-11-08,35.8965
2012-11-09,35.5677
2012-11-12,35.5466
2012-11-15,35.2137
2012-11-16,34.8568
2012-11-19,34.8362
2012-11-20,34.8357
2012-11-21,35.1044
2012-11-22,35.1833
2012-11-23,35.1748
2012-11-26,35.2283
2012-11-27,35.7974
2012-11-29,36.4024
2012-11-30,36.7405
2012-12-03,36.6808
2012-12-04,36.7934
2012-12-05,36.8621
2012-12-06,37.0507
2012-12-07,36.9028
2012-12-10,36.9046
2012-12-11,36.8404
2012-12-12,36.7715
2012-12-13,36.5426
2012-12-14,36.7161
2012-12-17,36.576
2012-12-18,36.8141
2012-12-19,37.0142
2012-12-20,36.9296
2012-12-21,36.5029
2012-12-24,36.5656
2012-12-26,36.8702
2012-12-27,36.6497
2012-12-28,36.8844
2012-12-31,36.8594
2013-01-01,37.1421
2013-01-02,37.4038
2013-01-03,37.5028
2013-01-04,37.5428
2013-01-07,37.3653
2013-01-08,37.4466
2013-01-09,37.2567
2013-01-10,37.2376
2013-01-11,37.1279
2013-01-14,37.5752
2013-01-15,37.776
2013-01-16,37.4352
2013-01-17,37.6658
2013-01-18,37.8206
2013-01-21,37.9284
2013-01-22,37.7165
2013-01-23,37.7559
2013-01-24,37.5372
2013-01-25,37.8777
2013-01-28,37.874
2013-01-29,37.7169
2013-01-30,37.7516
2013-01-31,37.619
2013-02-01,37.3718
2013-02-04,37.2989
2013-02-05,37.1036
2013-02-06,37.1161
2013-02-07,36.9879
2013-02-08,36.7684
2013-02-11,36.7277
2013-02-12,36.8797
2013-02-13,36.9427
2013-02-14,36.7185
2013-02-15,36.6625
2013-02-18,36.7328
2013-02-19,36.989
2013-02-20,37.0071
2013-02-21,36.4428
2013-02-22,36.429
2013-02-25,36.4522
2013-02-26,35.8724
2013-02-27,36.0908
2013-02-28,35.4467
2013-03-01,35.6192
2013-03-04,35.4838
2013-03-05,36.0117
2013-03-06,36.2223
2013-03-07,36.4976
2013-03-08,37.0051
2013-03-11,36.9772
2013-03-12,36.8014
2013-03-13,36.4091
2013-03-14,36.7657
2013-03-15,36.5387
2013-03-18,36.3134
2013-03-19,35.7576
2013-03-20,35.437
2013-03-21,35.2188
2013-03-22,35.185
2013-03-25,35.0723
2013-03-26,35.1185
2013-03-28,35.3679
2013-04-01,35.4908
2013-04-02,35.7577
2013-04-03,35.2939
2013-04-04,34.6871
2013-04-05,34.5527
2013-04-08,34.4836
2013-04-09,34.1872
2013-04-10,34.5784
2013-04-11,34.7957
2013-04-12,34.3888
2013-04-15,34.6312
2013-04-16,35.377
2013-04-17,35.374
2013-04-18,35.9576
2013-04-22,36.2693
2013-04-23,36.2834
2013-04-25,36.7747
2013-04-26,36.4935
2013-04-29,36.6922
2013-04-30,36.8523
2013-05-02,37.2789
2013-05-03,36.9318
2013-05-06,37.0959
2013-05-07,37.546
2013-05-08,37.704
2013-05-09,37.5831
2013-05-10,37.8875
2013-05-13,37.1711
2013-05-14,37.262
2013-05-15,38.198
2013-05-16,38.3404
2013-05-17,38.4473
2013-05-20,38.2528
2013-05-21,37.9852
2013-05-22,37.8619
2013-05-23,37.0668
2013-05-24,37.1659
2013-05-27,37.7818
2013-05-28,37.9753
2013-05-29,37.9304
2013-05-30,38.1211
2013-05-31,37.3176
2013-06-03,37.0238
2013-06-04,36.8997
2013-06-05,36.9256
2013-06-06,36.925
2013-06-07,36.6722
2013-06-10,36.6497
2013-06-11,36.0962
2013-06-12,35.9166
2013-06-13,35.5696
2013-06-14,36.2428
2013-06-17,36.4974
2013-06-18,36.2703
2013-06-19,36.322
2013-06-20,35.2879
2013-06-21,35.359
2013-06-24,34.874
2013-06-25,34.9913
2013-06-26,34.8626
2013-06-27,35.476
2013-06-28,36.4623
2013-07-01,36.8075
2013-07-02,36.5487
2013-07-03,36.0085
2013-07-04,36.4297
2013-07-05,36.6321
2013-07-08,36.2761
2013-07-09,36.5701
2013-07-10,36.325
2013-07-11,37.06
2013-07-12,37.5227
2013-07-15,37.6651
2013-07-16,37.1888
2013-07-17,37.302
2013-07-18,37.7229
2013-07-19,37.6555
2013-07-22,37.6683
2013-07-23,37.9547
2013-07-24,37.4055
2013-07-25,36.8809
2013-07-26,36.75
2013-07-29,36.3979
2013-07-30,35.933
2013-07-31,35.853
2013-08-01,35.7637
2013-08-02,35.4528
2013-08-05,35.4944
2013-08-06,34.606
2013-08-07,34.4617
2013-08-08,34.7431
2013-08-12,35.0261
2013-08-13,35.5815
2013-08-14,35.8472
2013-08-16,34.3978
2013-08-19,33.8237
2013-08-20,33.7402
2013-08-21,33.1311
2013-08-22,33.7802
2013-08-23,34.1679
2013-08-26,34.1931
2013-08-27,33.0292
2013-08-28,33.0131
2013-08-29,33.7734
2013-08-30,34.1613
2013-09-02,34.6432
2013-09-03,33.3627
2013-09-04,34.0173
2013-09-05,34.9222
2013-09-06,35.4755
2013-09-10,36.801
2013-09-11,36.9016
2013-09-12,36.5069
2013-09-13,36.5054
2013-09-16,36.4384
2013-09-17,36.4986
2013-09-18,36.8027
2013-09-19,38.1543
2013-09-20,37.5019
2013-09-23,36.7371
2013-09-24,36.7515
2013-09-25,36.635
2013-09-26,36.6829
2013-09-27,36.3771
2013-09-30,35.7647
2013-10-01,36.0457
2013-10-03,36.8499
2013-10-04,36.8383
2013-10-07,36.8314
2013-10-08,36.9723
2013-10-09,37.4654
2013-10-10,37.5521
2013-10-11,38.0214
2013-10-14,38.1235
2013-10-15,37.9798
2013-10-17,37.7307
2013-10-18,38.6242
2013-10-21,38.7216
2013-10-22,38.7126
2013-10-23,38.5631
2013-10-24,38.48
2013-10-25,38.3729
2013-10-28,38.0971
2013-10-29,38.846
2013-10-30,39.0412
2013-10-31,39.3476
2013-11-01,39.4012
2013-11-05,39.0618
2013-11-06,38.8327
2013-11-07,38.6672
2013-11-08,38.3817
2013-11-11,37.9976
2013-11-12,37.6211
2013-11-13,37.4476
2013-11-14,37.8651
2013-11-18,38.6893
2013-11-19,38.7761
2013-11-20,38.2804
2013-11-21,37.5157
2013-11-22,37.4967
2013-11-25,38.2353
2013-11-26,37.8895
2013-11-27,37.8806
2013-11-28,38.0999
2013-11-29,38.6261
2013-12-02,38.8908
2013-12-03,38.7896
2013-12-04,38.5342
2013-12-05,39.0302
2013-12-06,39.1452
2013-12-09,39.7859
2013-12-10,39.608
2013-12-11,39.4504
2013-12-12,39.0081
2013-12-13,38.5791
2013-12-16,38.4891
2013-12-17,38.3905
2013-12-18,38.8744
2013-12-19,38.5611
2013-12-20,39.2231
2013-12-23,39.2816
2013-12-24,39.1806
2013-12-26,39.2424
2013-12-27,39.456
2013-12-30,39.3116
2013-12-31,39.3889
2014-01-01,39.3712
2014-01-02,38.8739
2014-01-03,38.8096
2014-01-06,38.6832
2014-01-07,38.5009
2014-01-08,38.5752
2014-01-09,38.5356
2014-01-10,38.5511
2014-01-13,39.1709
2014-01-14,38.9783
2014-01-15,39.4651
2014-01-16,39.4491
2014-01-17,39.0926
2014-01-20,39.3543
2014-01-21,39.4126
2014-01-22,39.5735
2014-01-23,39.6137
2014-01-24,39.1192
2014-01-27,38.3062
2014-01-28,38.2452
2014-01-29,38.2068
2014-01-30,37.9186
2014-01-31,38.029
2014-02-03,37.4853
2014-02-04,37.4778
2014-02-05,37.6081
2014-02-06,37.6914
2014-02-07,37.8572
2014-02-10,37.7963
2014-02-11,37.8543
2014-02-12,37.9869
2014-02-13,37.4733
2014-02-14,37.7641
2014-02-17,37.9224
2014-02-18,38.2535
2014-02-19,38.4105
2014-02-20,38.0283
2014-02-21,38.4264
2014-02-24,38.6122
2014-02-25,38.6972
2014-02-26,38.9366
2014-02-28,39.169
2014-03-03,38.8206
2014-03-04,39.2977
2014-03-05,39.4819
2014-03-06,39.9302
2014-03-07,40.7056
2014-03-10,40.7673
2014-03-11,40.612
2014-03-12,40.6305
2014-03-13,40.4815
2014-03-14,40.548
2014-03-18,40.6188
2014-03-19,40.6627
2014-03-20,40.4085
2014-03-21,40.4693
2014-03-24,41.0532
2014-03-25,41.0807
2014-03-26,41.1506
2014-03-27,41.4086
2014-03-28,41.7372
2014-03-31,41.7845
2014-04-01,41.8864
2014-04-02,42.0798
2014-04-03,41.9777
2014-04-04,41.7227
2014-04-07,41.7232
2014-04-09,42.3319
2014-04-10,42.3312
2014-04-11,42.2062
2014-04-15,41.934
2014-04-16,41.5774
2014-04-17,42.2158
2014-04-21,42.4451
2014-04-22,42.431
2014-04-23,42.5859
2014-04-25,42.222
2014-04-28,42.0839
2014-04-29,41.801
2014-04-30,41.6826
2014-05-02,41.6694
2014-05-05,41.6929
2014-05-06,41.7889
2014-05-07,41.4022
2014-05-08,41.445
2014-05-09,42.6647
2014-05-12,43.6185
2014-05-13,44.2031
2014-05-14,44.2011
2014-05-15,44.289
2014-05-16,44.8457
2014-05-19,45.2159
2014-05-20,45.2898
2014-05-21,45.1471
2014-05-22,45.2911
2014-05-23,45.8507
2014-05-26,45.7951
2014-05-27,45.54
2014-05-28,45.61
2014-05-29,45.0758
2014-05-30,45.0387
2014-06-02,45.8515
2014-06-03,46.239
2014-06-04,46.1531
2014-06-05,46.6656
2014-06-06,47.3625
2014-06-09,47.7969
2014-06-10,47.8053
2014-06-11,47.6307
2014-06-12,47.7863
2014-06-13,47.1157
2014-06-16,47.0626
2014-06-17,47.6568
2014-06-18,47.2045
2014-06-19,47.094
2014-06-20,46.9115
2014-06-23,46.7928
2014-06-24,47.3285
2014-06-25,47.2575
2014-06-26,46.7872
2014-06-27,46.881
2014-06-30,47.502
2014-07-01,47.644
2014-07-02,48.2045
2014-07-03,48.1659
2014-07-04,48.4385
2014-07-07,48.6564
2014-07-08,47.6424
2014-07-09,47.4193
2014-07-10,47.3124
2014-07-11,46.6493
2014-07-14,46.6264
2014-07-15,47.0732
2014-07-16,47.6747
2014-07-17,47.7909
2014-07-18,47.9351
2014-07-21,48.0672
2014-07-22,48.5857
2014-07-23,48.7644
2014-07-24,48.9823
2014-07-25,48.7351
2014-07-28,48.5194
2014-07-30,48.785
2014-07-31,48.3499
2014-08-01,47.6143
2014-08-04,48.1142
2014-08-05,48.5079
2014-08-06,48.0451
2014-08-07,47.9027
2014-08-08,47.407
2014-08-11,47.7589
2014-08-12,48.3864
2014-08-13,48.4918
2014-08-14,48.8151
2014-08-18,49.3271
2014-08-19,49.4725
2014-08-20,49.336
2014-08-21,49.4427
2014-08-22,49.5801
2014-08-25,49.535
2014-08-26,49.5243
2014-08-27,49.7263
2014-08-28,49.8393
2014-09-01,50.2916
2014-09-02,50.6349
2014-09-03,50.83
2014-09-04,50.719
2014-09-05,50.6705
2014-09-08,51.2088
2014-09-09,51.0788
2014-09-10,50.7148
2014-09-11,50.6653
2014-09-12,50.7869
2014-09-15,50.3932
2014-09-16,49.7151
2014-09-17,49.9791
2014-09-18,50.8454
2014-09-19,50.881
2014-09-22,51.04
2014-09-23,50.2407
2014-09-24,50.1462
2014-09-25,49.5834
2014-09-26,49.9358
2014-09-29,49.873
2014-09-30,49.9086
2014-10-01,49.79
2014-10-07,49.2172
2014-10-08,49.1556
2014-10-09,49.8836
2014-10-10,49.2601
2014-10-13,49.41
2014-10-14,49.2823
2014-10-16,48.5867
2014-10-17,48.7813
2014-10-20,49.4009
2014-10-21,49.704
2014-10-22,50.1282
2014-10-27,50.0994
2014-10-28,50.322
2014-10-29,50.7182
2014-10-30,51.2101
2014-10-31,52.1771
2014-11-03,52.1909
2014-11-05,52.268
2014-11-07,52.26
2014-11-10,52.3027
2014-11-11,52.4176
2014-11-12,52.5452
2014-11-13,52.3893
2014-11-14,52.5889
2014-11-17,52.8416
2014-11-18,52.8105
2014-11-19,52.5383
2014-11-20,52.6598
2014-11-21,53.1294
2014-11-24,53.4573
2014-11-25,53.0373
2014-11-26,53.1152
2014-11-27,53.2296
2014-11-28,53.8146
2014-12-01,53.6117
2014-12-02,53.4164
2014-12-03,53.4963
2014-12-04,53.6628
2014-12-05,53.4989
2014-12-08,52.8653
2014-12-09,52.2586
2014-12-10,52.3509
2014-12-11,51.9601
2014-12-12,51.5311
2014-12-15,51.5016
2014-12-16,50.5753
2014-12-17,50.3399
2014-12-18,51.144
2014-12-19,51.5527
2014-12-22,52.1646
2014-12-23,51.8097
2014-12-24,51.2307
2014-12-26,51.3954
2014-12-29,51.6767
2014-12-30,51.6879
2014-12-31,51.901
2015-01-01,51.9085
2015-01-02,52.5964
2015-01-05,52.4894
2015-01-06,50.9225
2015-01-07,50.7648
2015-01-08,51.5861
2015-01-09,51.8962
2015-01-12,52.1332
2015-01-13,51.9851
2015-01-14,51.8481
2015-01-15,53.1974
2015-01-16,53.3195
2015-01-19,53.5482
2015-01-20,54.4515
2015-01-21,54.6625
2015-01-22,54.8671
2015-01-23,55.327
2015-01-27,55.797
2015-01-28,55.8072
2015-01-29,56.0433
2015-01-30,55.1487
2015-02-02,55.0786
2015-02-03,54.8228
2015-02-04,54.6241
2015-02-05,54.5488
2015-02-06,54.2336
2015-02-09,53.3927
2015-02-10,53.6237
2015-02-11,54.0064
2015-02-12,54.5257
2015-02-13,55.104
2015-02-16,55.1277
2015-02-18,55.5025
2015-02-19,55.6646
2015-02-20,55.2798
2015-02-23,54.7885
2015-02-24,54.8317
2015-02-25,54.8633
2015-02-26,54.3443
2015-02-27,55.3614
2015-03-02,56.0614
2015-03-03,56.3536
2015-03-04,55.8955
2015-03-05,55.99
2015-03-09,54.8667
2015-03-10,54.5875
2015-03-11,54.5127
2015-03-12,54.9831
2015-03-13,54.191
2015-03-16,54.0994
2015-03-17,54.6564
2015-03-18,54.4227
2015-03-19,54.1045
2015-03-20,53.7542
2015-03-23,53.6288
2015-03-24,53.5912
2015-03-25,53.5212
2015-03-26,52.3425
2015-03-27,52.3421
2015-03-30,53.2839
2015-03-31,53.2723
2015-04-01,53.872
2015-04-06,54.3221
2015-04-07,54.3213
2015-04-08,54.6572
2015-04-09,55.0502
2015-04-10,55.0629
2015-04-13,55.3964
2015-04-15,54.8689
2015-04-16,54.5931
2015-04-17,53.9622
2015-04-20,52.9734
2015-04-21,52.5316
2015-04-22,52.8549
2015-04-23,52.6565
2015-04-24,52.0761
2015-04-27,51.5089
2015-04-28,51.9592
2015-04-29,51.6684
2015-04-30,51.3014
2015-05-04,52.2354
2015-05-05,52.1752
2015-05-06,50.7667
2015-05-07,50.5223
2015-05-08,51.3862
2015-05-11,52.1779
2015-05-12,50.9546
2015-05-13,51.6344
2015-05-14,51.5684
2015-05-15,51.8027
2015-05-18,52.4962
2015-05-19,52.4397
2015-05-20,52.7967
2015-05-21,52.7744
2015-05-22,53.0026
2015-05-25,52.4388
2015-05-26,52.2433
2015-05-27,52.2052
2015-05-28,52.1262
2015-05-29,52.8327
2015-06-01,52.8331
2015-06-02,51.6095
2015-06-03,51.0424
2015-06-04,51.0645
2015-06-05,50.9865
2015-06-08,50.5487
2015-06-09,50.4127
2015-06-10,51.0413
2015-06-11,50.0597
2015-06-12,50.166
2015-06-15,50.4073
2015-06-16,50.6171
2015-06-17,50.888
2015-06-18,51.4039
2015-06-19,51.727
2015-06-22,52.5261
2015-06-23,52.7011
2015-06-24,52.5739
2015-06-25,52.8047
2015-06-26,52.6982
2015-06-29,52.3057
2015-06-30,52.6166
2015-07-01,53.1435
2015-07-02,53.1196
2015-07-03,53.3694
2015-07-06,53.6063
2015-07-07,53.5327
2015-07-08,52.6066
2015-07-09,52.4177
2015-07-10,52.6206
2015-07-13,53.2379
2015-07-14,53.206
2015-07-15,53.6771
2015-07-16,54.2089
2015-07-17,54.2195
2015-07-20,54.1946
2015-07-21,53.7291
2015-07-22,54.364
2015-07-23,54.1018
2015-07-24,53.6747
2015-07-27,52.6687
2015-07-28,52.5169
2015-07-29,52.7546
2015-07-30,53.0449
2015-07-31,53.7414
2015-08-03,53.8018
2015-08-04,53.6371
2015-08-05,53.9561
2015-08-06,54.0856
2015-08-07,53.9421
2015-08-10,53.6974
2015-08-11,53.3021
2015-08-12,52.5968
2015-08-13,52.6416
2015-08-14,53.6582
2015-08-17,53.3997
2015-08-18,53.3322
2015-08-19,53.5085
2015-08-20,52.7427
2015-08-21,52.2859
2015-08-24,49.2127
2015-08-25,49.6591
2015-08-26,49.1139
2015-08-27,50.0852
2015-08-28,50.418
2015-08-31,50.2289
2015-09-01,49.1099
2015-09-02,48.6844
2015-09-03,49.3431
2015-09-04,48.2997
2015-09-07,47.7253
2015-09-08,48.5272
2015-09-09,49.3334
2015-09-10,49.1454
2015-09-11,49.1528
2015-09-14,49.67
2015-09-15,49.4005
2015-09-16,49.8368
2015-09-18,50.3559
2015-09-21,50.3263
2015-09-22,49.2904
2015-09-23,49.5027
2015-09-24,49.6402
2015-09-28,49.1821
2015-09-29,49.4798
2015-09-30,50.1408
2015-10-01,50.152
2015-10-05,51.2088
2015-10-06,51.4194
2015-10-07,51.5728
2015-10-08,51.27
2015-10-09,51.649
2015-10-12,51.3576
2015-10-13,51.2823
2015-10-14,51.1324
2015-10-15,51.5812
2015-10-16,51.9842
2015-10-19,52.2224
2015-10-20,52.1378
2015-10-21,52.0803
2015-10-23,52.3643
2015-10-26,52.1432
2015-10-27,51.9685
2015-10-28,51.5809
2015-10-29,51.2067
2015-10-30,50.9238
2015-11-02,50.828
2015-11-03,50.8897
2015-11-04,50.7602
2015-11-05,50.2257
2015-11-06,50.2182
2015-11-09,49.9775
2015-11-10,49.1638
2015-11-13,49.0304
2015-11-16,49.3089
2015-11-17,49.5029
2015-11-18,48.8349
2015-11-19,49.5346
2015-11-20,49.6207
2015-11-23,49.5732
2015-11-24,49.4612
2015-11-26,49.7882
2015-11-27,50.1592
2015-11-30,50.1107
2015-12-01,50.2338
2015-12-02,50.0854
2015-12-03,49.6626
2015-12-04,49.1448
2015-12-07,49.0404
2015-12-08,48.6389
2015-12-09,48.076
2015-12-10,48.5208
2015-12-11,48.0634
2015-12-14,48.3113
2015-12-15,48.6303
2015-12-16,48.9436
2015-12-17,49.5285
2015-12-18,49.0126
2015-12-21,49.4658
2015-12-22,49.1634
2015-12-23,49.6624
2015-12-24,49.6315
2015-12-28,50.0315
2015-12-29,50.0552
2015-12-30,49.8494
2015-12-31,50.1643
2016-01-01,50.27
2016-01-04,49.1892
2016-01-05,49.1471
2016-01-06,48.8721
2016-01-07,47.785
2016-01-08,47.9919
2016-01-11,47.7567
2016-01-12,47.4208
2016-01-13,47.7475
2016-01-14,47.5854
2016-01-15,46.9591
2016-01-18,46.4213
2016-01-19,46.9466
2016-01-20,46.1609
2016-01-21,45.9631
2016-01-22,46.8766
2016-01-25,46.9672
2016-01-27,46.9827
2016-01-28,46.9003
2016-01-29,47.7727
2016-02-01,47.7242
2016-02-02,47.1009
2016-02-03,46.5161
2016-02-04,46.7818
2016-02-05,47.3218
2016-02-08,46.6827
2016-02-09,46.1243
2016-02-10,45.6051
2016-02-11,44.1019
2016-02-12,44.1305
2016-02-15,45.2708
2016-02-16,44.5539
2016-02-17,44.9323
2016-02-18,45.4544
2016-02-19,45.5735
2016-02-22,45.7238
2016-02-23,44.939
2016-02-24,44.3627
2016-02-25,44.0613
2016-02-26,44.4306
2016-02-29,44.1645
2016-03-01,45.6291
2016-03-02,46.5405
2016-03-03,47.2041
2016-03-04,47.2622
2016-03-08,47.2599
2016-03-09,47.5527
2016-03-10,47.2655
2016-03-11,47.4163
2016-03-14,47.6543
2016-03-15,47.1638
2016-03-16,47.4179
2016-03-17,47.5344
2016-03-18,48.1121
2016-03-21,48.7486
2016-03-22,48.8164
2016-03-23,48.8259
2016-03-28,48.1874
2016-03-29,48.0758
2016-03-30,48.943
2016-03-31,48.9369
2016-04-01,48.7792
2016-04-04,49.0647
2016-04-05,48.0985
2016-04-06,48.1664
2016-04-07,47.74
2016-04-08,47.7948
2016-04-11,48.5236
2016-04-12,48.7599
2016-04-13,49.6548
2016-04-18,50.0593
2016-04-20,50.0591
2016-04-21,50.0419
2016-04-22,49.9611
2016-04-25,49.6807
2016-04-26,50.36
2016-04-27,50.4686
2016-04-28,49.6306
2016-04-29,49.6467
2016-05-02,49.3687
2016-05-03,48.9969
2016-05-04,48.7417
2016-05-05,48.9293
2016-05-06,48.9141
2016-05-09,49.7489
2016-05-10,49.8831
2016-05-11,49.6374
2016-05-12,49.9624
2016-05-13,49.4227
2016-05-16,49.7109
2016-05-17,49.8997
2016-05-18,49.7695
2016-05-19,49.2246
2016-05-20,49.0128
2016-05-23,48.8949
2016-05-24,49.007
2016-05-25,50.1699
2016-05-26,51.012
2016-05-27,51.5563
2016-05-30,51.7801
2016-05-31,51.6638
2016-06-01,51.7887
2016-06-02,52.0326
2016-06-03,52.0608
2016-06-06,51.9661
2016-06-07,52.3772
2016-06-08,52.4183
2016-06-09,52.0329
2016-06-10,51.8196
2016-06-13,51.4433
2016-06-14,51.4321
2016-06-15,52.0451
2016-06-16,51.6845
2016-06-17,51.8705
2016-06-20,52.2993
2016-06-21,52.1826
2016-06-22,52.0928
2016-06-23,52.5153
2016-06-24,51.3641
2016-06-27,51.403
2016-06-28,51.6133
2016-06-29,52.1206
2016-06-30,52.6456
2016-07-01,52.8972
2016-07-04,53.1698
2016-07-05,52.9484
2016-07-07,52.9748
2016-07-08,52.8821
2016-07-11,53.7963
2016-07-12,54.1319
2016-07-13,54.1219
2016-07-14,54.4117
2016-07-15,54.3007
2016-07-18,54.098
2016-07-19,54.2224
2016-07-20,54.4601
2016-07-21,54.1196
2016-07-22,54.3139
2016-07-25,54.9181
2016-07-26,54.6361
2016-07-27,54.7936
2016-07-28,55.134
2016-07-29,54.9614
2016-08-01,54.9448
2016-08-02,54.8622
2016-08-03,54.3697
2016-08-04,54.4103
2016-08-05,55.2412
2016-08-08,55.4209
2016-08-09,55.215
2016-08-10,54.5722
2016-08-11,54.68
2016-08-12,55.1874
2016-08-16,54.9998
2016-08-17,54.887
2016-08-18,55.2183
2016-08-19,55.1805
2016-08-22,54.9396
2016-08-23,54.9608
2016-08-24,55.072
2016-08-25,54.7048
2016-08-26,54.5812
2016-08-29,54.7995
2016-08-30,55.6531
2016-08-31,55.938
2016-09-01,55.8647
2016-09-02,56.0864
2016-09-06,56.9308
2016-09-07,56.7789
2016-09-08,57.0042
2016-09-09,56.4685
2016-09-12,55.5087
2016-09-14,55.5784
2016-09-15,55.6847
2016-09-16,55.9208
2016-09-19,56.0998
2016-09-20,55.8943
2016-09-21,55.9034
2016-09-22,56.4723
2016-09-23,56.248
2016-09-26,55.5588
2016-09-27,55.4559
2016-09-28,55.6975
2016-09-29,54.7294
2016-09-30,54.854
2016-10-03,55.6452
2016-10-04,55.8395
2016-10-05,55.6819
2016-10-06,55.4655
2016-10-07,55.387
2016-10-10,55.4574
2016-10-13,54.5927
2016-10-14,54.6583
2016-10-17,54.2649
2016-10-18,55.2491
2016-10-19,55.1344
2016-10-20,55.3889
2016-10-21,55.389
2016-10-24,55.493
2016-10-25,55.3808
2016-10-26,54.8998
2016-10-27,54.905
2016-10-28,55.0488
2016-11-01,54.9828
2016-11-02,54.2724
2016-11-03,54.0998
2016-11-04,53.7785
2016-11-07,54.1788
2016-11-08,54.4714
2016-11-09,53.7632
2016-11-10,54.3541
2016-11-11,52.9111
2016-11-15,51.7154
2016-11-16,51.7334
2016-11-17,51.5359
2016-11-18,51.4943
2016-11-21,50.5746
2016-11-22,51.0383
2016-11-23,51.237
2016-11-24,50.8046
2016-11-25,51.7444
2016-11-28,51.8272
2016-11-29,51.9217
2016-11-30,52.4401
2016-12-01,52.2418
2016-12-02,51.5685
2016-12-05,51.8315
2016-12-06,51.924
2016-12-07,51.6641
2016-12-08,52.5768
2016-12-09,52.6716
2016-12-12,52.0964
2016-12-13,52.419
2016-12-14,52.1704
2016-12-15,51.9877
2016-12-16,51.8963
2016-12-19,51.6735
2016-12-20,51.5353
2016-12-21,51.4028
2016-12-22,50.8801
2016-12-23,50.9186
2016-12-26,50.4365
2016-12-27,51.2115
2016-12-28,51.2238
2016-12-29,51.6562
2016-12-30,52.1732
2017-01-02,52.137
2017-01-03,52.2118
2017-01-04,52.2036
2017-01-05,52.7296
2017-01-06,52.5411
2017-01-09,52.4887
2017-01-10,52.8198
2017-01-11,53.4078
2017-01-12,53.577
2017-01-13,53.5325
2017-01-16,53.6109
2017-01-17,53.5141
2017-01-18,53.636
2017-01-19,53.7505
2017-01-20,53.2069
2017-01-23,53.4777
2017-01-24,54.011
2017-01-25,54.816
2017-01-27,55.0596
2017-01-30,55.0001
2017-01-31,54.5486
2017-02-01,55.5247
2017-02-02,55.6482
2017-02-03,55.6914
2017-02-06,56.0691
2017-02-07,55.8665
2017-02-08,55.8697
2017-02-09,55.9285
2017-02-10,56.0236
2017-02-13,56.0977
2017-02-14,56.016
2017-02-15,55.6014
2017-02-16,55.9421
2017-02-17,56.2185
2017-02-20,56.5845
2017-02-21,56.7643
2017-02-22,56.8853
2017-02-23,56.9673
2017-02-27,56.6945
2017-02-28,56.6014
2017-03-01,57.0192
2017-03-02,56.7322
2017-03-03,56.7162
2017-03-06,57.1261
2017-03-07,57.0219
2017-03-08,56.8782
2017-03-09,56.9029
2017-03-10,56.952
2017-03-14,57.9485
2017-03-15,57.9315
2017-03-16,58.3814
2017-03-17,58.4213
2017-03-20,58.2107
2017-03-21,58.1743
2017-03-22,57.5974
2017-03-23,57.9543
2017-03-24,58.0977
2017-03-27,57.7048
2017-03-28,58.0498
2017-03-29,58.3172
2017-03-30,58.498
2017-03-31,58.4859
2017-04-03,58.8699
2017-04-05,59.0383
2017-04-06,59.0187
2017-04-07,58.6174
2017-04-10,58.5096
2017-04-11,58.8574
2017-04-12,58.6445
2017-04-13,58.3147
2017-04-17,58.2379
2017-04-18,58.0244
2017-04-19,58.0091
2017-04-20,58.2162
2017-04-21,58.1118
2017-04-24,58.7336
2017-04-25,59.2973
2017-04-26,59.5827
2017-04-27,59.5168
2017-04-28,59.2736
2017-05-02,59.3335
2017-05-03,59.3222
2017-05-04,59.6333
2017-05-05,59.1618
2017-05-08,59.3452
2017-05-09,59.3611
2017-05-10,59.9339
2017-05-11,60.0284
2017-05-12,59.8987
2017-05-15,60.179
2017-05-16,60.6014
2017-05-17,60.6878
2017-05-18,60.0794
2017-05-19,60.0668
2017-05-22,60.1361
2017-05-23,59.8028
2017-05-24,59.6468
2017-05-25,60.5835
2017-05-26,61.1382
2017-05-29,61.2057
2017-05-30,61.3295
2017-05-31,61.3075
2017-06-01,61.3258
2017-06-02,61.5649
2017-06-05,61.7677
2017-06-06,61.5301
2017-06-07,61.6969
2017-06-08,61.5934
2017-06-09,61.7239
2017-06-12,61.3967
2017-06-13,61.3592
2017-06-14,61.4293
2017-06-15,61.1844
2017-06-16,61.2462
2017-06-19,61.6816
2017-06-20,61.6802
2017-06-21,61.5572
2017-06-22,61.5527
2017-06-23,61.2059
2017-06-27,60.8061
2017-06-28,60.681
2017-06-29,60.8052
2017-06-30,60.9141
2017-07-03,61.5138
2017-07-04,61.5038
2017-07-05,61.6579
2017-07-06,61.9166
2017-07-07,61.8611
2017-07-10,62.5247
2017-07-11,62.6209
2017-07-12,62.8117
2017-07-13,63.3334
2017-07-14,63.3334
2017-07-17,63.5241
2017-07-18,62.9713
2017-07-19,63.4289
2017-07-20,63.2794
2017-07-21,63.5457
2017-07-24,63.8784
2017-07-25,63.8652
2017-07-26,64.2266
2017-07-27,64.2353
2017-07-28,64.1922
2017-07-31,64.5833
2017-08-01,64.8244
2017-08-02,64.6213
2017-08-03,64.199
2017-08-04,64.5273
2017-08-07,64.4669
2017-08-08,63.9745
2017-08-09,63.5324
2017-08-10,62.9873
2017-08-11,62.3308
2017-08-14,62.8631
2017-08-16,63.518
2017-08-17,63.5642
2017-08-18,63.1393
2017-08-21,62.6162
2017-08-22,62.6863
2017-08-23,63.2382
2017-08-24,63.282
2017-08-28,63.6359
2017-08-29,62.8944
2017-08-30,63.4583
2017-08-31,63.6696
2017-09-01,64.0329
2017-09-04,63.6413
2017-09-05,63.8936
2017-09-06,63.6667
2017-09-07,63.7633
2017-09-08,63.7958
2017-09-11,64.2608
2017-09-12,64.8132
2017-09-13,64.726
2017-09-14,64.7746
2017-09-15,64.7654
2017-09-18,65.2039
2017-09-19,65.1662
2017-09-20,65.1277
2017-09-21,65.0064
2017-09-22,64.0059
2017-09-25,63.4217
2017-09-26,63.4154
2017-09-27,62.5595
2017-09-28,62.76
2017-09-29,62.8859
2017-10-03,63.3334
2017-10-04,63.6821
2017-10-05,63.5195
2017-10-06,64.0858
2017-10-09,64.1446
2017-10-10,64.3237
2017-10-11,64.1174
2017-10-12,64.8251
2017-10-13,65.2822
2017-10-16,65.6873
2017-10-17,65.7129
2017-10-18,65.5615
2017-10-23,65.3903
2017-10-24,65.5377
2017-10-25,66.1007
2017-10-26,66.3933
2017-10-27,66.2741
2017-10-30,66.5319
2017-10-31,66.3935
2017-11-01,67.08
2017-11-02,66.9735
2017-11-03,67.169
2017-11-06,67.1624
2017-11-07,66.5135
2017-11-08,66.2065
2017-11-09,66.2432
2017-11-10,66.321
2017-11-13,65.7076
2017-11-14,65.4639
2017-11-15,65.0283
2017-11-16,65.6411
2017-11-17,66.0814
2017-11-20,66.1769
2017-11-21,66.3562
2017-11-22,66.4543
2017-11-23,66.4951
2017-11-24,66.7576
2017-11-27,66.8179
2017-11-28,66.6318
2017-11-29,66.574
2017-11-30,65.7165
2017-12-01,65.0404
2017-12-04,65.079
2017-12-05,65.0168
2017-12-06,64.5498
2017-12-07,65.3293
2017-12-08,65.9583
2017-12-11,66.3161
2017-12-12,65.7946
2017-12-13,65.492
2017-12-14,65.8671
2017-12-15,66.3859
2017-12-18,66.7438
2017-12-19,67.2148
2017-12-20,67.0947
2017-12-21,67.0862
2017-12-22,67.4202
2017-12-26,67.6653
2017-12-27,67.4074
2017-12-28,67.3232
2017-12-29,67.6567
2018-01-01,67.0513
2018-01-02,67.0912
2018-01-03,67.0991
2018-01-04,67.4885
2018-01-05,67.834
2018-01-08,68.2454
2018-01-09,68.3295
2018-01-10,68.2994
2018-01-11,68.4198
2018-01-12,68.6103
2018-01-15,68.9969
2018-01-16,68.7388
2018-01-17,69.2986
2018-01-18,69.4887
2018-01-19,69.986
2018-01-22,70.4511
2018-01-23,71.2001
2018-01-24,71.2115
2018-01-25,71.1076
2018-01-29,71.493
2018-01-30,70.9795
2018-01-31,70.8353
2018-02-01,70.7757
2018-02-02,69.1157
2018-02-05,68.5172
2018-02-06,67.4466
2018-02-07,67.3206
2018-02-08,68.0002
2018-02-09,67.2212
2018-02-12,67.768
2018-02-14,67.5179
2018-02-15,67.8079
2018-02-16,67.2068
2018-02-19,66.7337
2018-02-20,66.6176
2018-02-21,66.852
2018-02-22,66.7773
2018-02-23,67.4635
2018-02-26,68.0483
2018-02-27,67.8679
2018-02-28,67.4913
2018-03-01,67.2697
2018-03-05,66.6385
2018-03-06,65.9401
2018-03-07,65.3401
2018-03-08,65.9058
2018-03-09,65.8077
2018-03-12,67.0442
2018-03-13,67.0922
2018-03-14,66.9923
2018-03-15,66.6687
2018-03-16,65.6589
2018-03-19,65.0161
2018-03-20,65.2728
2018-03-21,65.4706
2018-03-22,65.2205
2018-03-23,64.4738
2018-03-26,65.3211
2018-03-27,65.6586
2018-03-28,65.2101
2018-04-02,65.8108
2018-04-03,66.0125
2018-04-04,65.2729
2018-04-05,66.5154
2018-04-06,66.5561
2018-04-09,66.8616
2018-04-10,67.0082
2018-04-11,67.1032
2018-04-12,67.3702
2018-04-13,67.5107
2018-04-16,67.8142
2018-04-17,67.946
2018-04-18,67.8005
2018-04-19,68.0524
2018-04-20,68.044
2018-04-23,68.176
2018-04-24,68.3664
2018-04-25,68.0846
2018-04-26,68.388
2018-04-27,68.866
2018-04-30,69.1669
2018-05-02,69.0351
2018-05-03,68.7889
2018-05-04,68.3959
2018-05-07,69.0184
2018-05-08,69.0331
2018-05-09,69.1878
2018-05-10,69.0262
2018-05-11,69.6019
2018-05-14,69.6017
2018-05-15,69.5711
2018-05-16,69.181
2018-05-17,68.806
2018-05-18,68.2524
2018-05-21,67.7409
2018-05-22,67.8687
2018-05-23,67.186
2018-05-24,67.7205
2018-05-25,68.3712
2018-05-28,68.9028
2018-05-29,68.5468
2018-05-30,68.4246
2018-05-31,69.2731
2018-06-01,69.0162
2018-06-04,68.5889
2018-06-05,68.3615
2018-06-06,68.9468
2018-06-07,69.4833
2018-06-08,69.4786
2018-06-11,69.6012
2018-06-12,69.9594
2018-06-13,70.047
2018-06-14,69.8329
2018-06-15,69.8948
2018-06-18,69.7794
2018-06-19,69.2062
2018-06-20,69.6008
2018-06-21,69.4154
2018-06-22,69.9347
2018-06-25,69.5519
2018-06-26,69.5944
2018-06-27,68.9998
2018-06-28,68.471
2018-06-29,69.276
2018-07-02,68.9082
2018-07-03,69.1822
2018-07-04,69.6314
2018-07-05,69.5288
2018-07-06,69.6746
2018-07-09,70.1886
2018-07-10,70.7975
2018-07-11,70.813
2018-07-12,71.3073
2018-07-13,71.2772
2018-07-16,70.7513
2018-07-17,71.2166
2018-07-18,71.0442
2018-07-19,70.9567
2018-07-20,71.2984
2018-07-23,71.7796
2018-07-24,72.0976
2018-07-25,72.0806
2018-07-26,72.3232
2018-07-27,73.036
2018-07-30,73.3026
2018-07-31,73.5406
2018-08-01,73.4739
2018-08-02,72.8289
2018-08-03,73.5758
2018-08-06,73.7444
2018-08-07,73.7591
2018-08-08,74.1489
2018-08-09,74.2872
2018-08-10,74.0209
2018-08-13,73.5524
2018-08-14,74.1134
2018-08-16,73.7898
2018-08-17,74.3425
2018-08-20,74.8692
2018-08-21,74.9901
2018-08-23,75.0647
2018-08-24,74.9133
2018-08-27,75.7822
2018-08-28,76.0824
2018-08-29,75.7798
2018-08-30,75.684
2018-08-31,75.7205
2018-09-03,75.0844
2018-09-04,74.6835
2018-09-05,74.4023
2018-09-06,74.8015
2018-09-07,75.1378
2018-09-10,74.171
2018-09-11,73.1978
2018-09-12,73.7321
2018-09-14,74.67
2018-09-17,73.7837
2018-09-18,73.1443
2018-09-19,72.8608
2018-09-21,72.2702
2018-09-24,71.1302
2018-09-25,71.7767
2018-09-26,71.6878
2018-09-27,71.1953
2018-09-28,70.8918
2018-10-01,71.3978
2018-10-03,70.4289
2018-10-04,68.7517
2018-10-05,66.925
2018-10-08,67.1277
2018-10-09,66.8236
2018-10-10,67.8496
2018-10-11,66.3929
2018-10-12,67.9216
2018-10-15,68.1788
2018-10-16,68.6446
2018-10-17,67.7931
2018-10-19,66.8252
2018-10-22,66.4449
2018-10-23,65.8144
2018-10-24,66.3168
2018-10-25,65.7304
2018-10-26,65.1167
2018-10-29,66.5515
2018-10-30,66.2132
2018-10-31,67.4308
2018-11-01,67.3998
2018-11-02,68.5165
2018-11-05,68.3332
2018-11-06,68.3714
2018-11-09,68.727
2018-11-12,68.0605
2018-11-13,68.7099
2018-11-14,68.6696
2018-11-15,68.9308
2018-11-16,69.3544
2018-11-19,69.8787
2018-11-20,69.1838
2018-11-21,68.82
2018-11-22,68.345
2018-11-26,69.004
2018-11-27,69.3728
2018-11-28,69.6529
2018-11-29,70.4939
2018-11-30,70.6104
2018-12-03,70.6548
2018-12-04,70.562
2018-12-05,69.9996
2018-12-06,68.8208
2018-12-07,69.4192
2018-12-10,68.0885
2018-12-11,68.4799
2018-12-12,69.6955
2018-12-13,70.0439
2018-12-14,70.1333
2018-12-17,70.669
2018-12-18,70.8004
2018-12-19,71.1799
2018-12-20,71.0779
2018-12-21,69.8188
2018-12-24,69.2312
2018-12-26,69.6603
2018-12-27,69.9828
2018-12-28,70.5209
2018-12-31,70.5364
2019-01-01,70.8446
2019-01-02,70.0821
2019-01-03,69.3025
2019-01-04,69.6591
2019-01-07,69.9502
2019-01-08,70.1422
2019-01-09,70.4843
2019-01-10,70.2664
2019-01-11,70.0932
2019-01-14,69.7207
2019-01-15,70.6867
2019-01-16,70.7089
2019-01-17,70.8121
2019-01-18,70.823
2019-01-21,71.178
2019-01-22,70.9241
2019-01-23,70.3322
2019-01-24,70.4751
2019-01-25,70.0257
2019-01-28,69.2531
2019-01-29,69.1943
2019-01-30,69.1913
2019-01-31,70.3527
2019-02-01,70.7587
2019-02-04,70.8784
2019-02-05,71.0223
2019-02-06,71.8715
2019-02-07,71.9161
2019-02-08,71.1002
2019-02-11,70.76
2019-02-12,70.3965
2019-02-13,70.151
2019-02-14,69.8494
2019-02-15,69.7082
2019-02-18,69.1646
2019-02-19,68.9266
2019-02-20,69.7791
2019-02-21,70.1468
2019-02-22,70.1579
2019-02-25,70.7312
2019-02-26,70.4396
2019-02-27,70.2535
2019-02-28,70.1874
2019-03-01,70.648
2019-03-05,71.4522
2019-03-06,71.8779
2019-03-07,71.9116
2019-03-08,71.7629
2019-03-11,72.6244
2019-03-12,73.4894
2019-03-13,73.7585
2019-03-14,73.7888
2019-03-15,74.3417
2019-03-18,74.5709
2019-03-19,75.0275
2019-03-20,74.9521
2019-03-22,74.5501
2019-03-25,73.881
2019-03-26,74.7194
2019-03-27,74.4746
2019-03-28,75.2884
2019-03-29,75.6383
2019-04-01,75.9333
2019-04-02,76.2207
2019-04-03,75.7679
2019-04-04,75.4679
2019-04-05,75.9091
2019-04-08,75.5094
2019-04-09,75.9468
2019-04-10,75.3772
2019-04-11,75.4573
2019-04-12,75.7606
2019-04-15,76.0641
2019-04-16,76.6923
2019-04-18,76.4686
2019-04-22,75.4384
2019-04-23,75.3176
2019-04-24,76.2943
2019-04-25,75.7452
2019-04-26,76.4788
2019-04-30,76.4359
2019-05-02,76.2834
2019-05-03,76.2015
2019-05-06,75.4584
2019-05-07,74.8208
2019-05-08,73.9202
2019-05-09,73.5445
2019-05-10,73.3947
2019-05-13,72.5443
2019-05-14,73.0236
2019-05-15,72.6002
2019-05-16,73.2513
2019-05-17,74.2269
2019-05-20,76.9637
2019-05-21,76.1879
2019-05-22,76.4544
2019-05-23,75.9283
2019-05-24,77.1452
2019-05-27,77.6692
2019-05-28,77.6993
2019-05-29,77.2588
2019-05-30,77.8101
2019-05-31,77.6595
2019-06-03,78.7428
2019-06-04,78.3371
2019-06-06,77.1787
2019-06-07,77.3532
2019-06-10,77.6899
2019-06-11,77.9688
2019-06-12,77.5818
2019-06-13,77.7023
2019-06-14,77.1119
2019-06-17,76.1277
2019-06-18,76.2528
2019-06-19,76.2519
2019-06-20,77.2308
2019-06-21,76.5298
2019-06-24,76.3696
2019-06-25,76.9993
2019-06-26,77.3316
2019-06-27,77.2911
2019-06-28,76.9472
2019-07-01,77.4458
2019-07-02,77.7361
2019-07-03,77.7779
2019-07-04,77.9917
2019-07-05,77.1078
2019-07-08,75.4671
2019-07-09,75.4483
2019-07-10,75.0785
2019-07-11,75.6397
2019-07-12,75.4429
2019-07-15,75.6825
2019-07-16,76.1803
2019-07-17,76.3423
2019-07-18,75.7635
2019-07-19,74.6517
2019-07-22,74.1838
2019-07-23,74.0838
2019-07-24,73.7322
2019-07-25,73.6206
2019-07-26,73.8301
2019-07-29,73.2117
2019-07-30,72.5332
2019-07-31,72.748
2019-08-01,71.8659
2019-08-02,72.0145
2019-08-05,71.133
2019-08-06,71.6922
2019-08-07,71.0859
2019-08-08,72.2559
2019-08-09,72.7602
2019-08-13,71.5741
2019-08-14,72.2728
2019-08-16,72.3925
2019-08-19,72.4453
2019-08-20,72.208
2019-08-21,71.5788
2019-08-22,70.4319
2019-08-23,71.0074
2019-08-26,72.5019
2019-08-27,72.8126
2019-08-28,72.4243
2019-08-29,71.7834
2019-08-30,72.2735
2019-09-03,70.7965
2019-09-04,71.1021
2019-09-05,71.1226
2019-09-06,71.7674
2019-09-09,72.1385
2019-09-11,72.3522
2019-09-12,72.0054
2019-09-13,72.6147
2019-09-16,72.1393
2019-09-17,70.9187
2019-09-18,71.0695
2019-09-19,70.1791
2019-09-20,73.9068
2019-09-23,76.0434
2019-09-24,75.9645
2019-09-25,74.9941
2019-09-26,75.852
2019-09-27,75.4657
2019-09-30,75.2162
2019-10-01,74.4658
2019-10-03,74.1639
2019-10-04,73.2506
2019-10-07,72.9323
2019-10-09,74.1565
2019-10-10,73.6398
2019-10-11,74.1015
2019-10-14,74.337
2019-10-15,74.9075
2019-10-16,75.141
2019-10-17,76.0175
2019-10-18,76.5116
2019-10-22,76.029
2019-10-23,76.1909
2019-10-24,76.0494
2019-10-25,76.0575
2019-10-29,77.3878
2019-10-30,77.7651
2019-10-31,77.9859
2019-11-01,78.0718
2019-11-04,78.4038
2019-11-05,78.2457
2019-11-06,78.5656
2019-11-07,78.8678
2019-11-08,78.1846
2019-11-11,78.2182
2019-11-13,77.739
2019-11-14,77.9465
2019-11-15,78.0994
2019-11-18,78.0263
2019-11-19,78.391
2019-11-20,78.7783
2019-11-21,78.5762
2019-11-22,78.2218
2019-11-25,79.2673
2019-11-26,79.0308
2019-11-27,79.4442
2019-11-28,79.7751
2019-11-29,79.1512
2019-12-02,79.0994
2019-12-03,78.7443
2019-12-04,79.0658
2019-12-05,78.9025
2019-12-06,78.2661
2019-12-09,78.3698
2019-12-10,77.8429
2019-12-11,78.1927
2019-12-12,78.597
2019-12-13,79.3468
2019-12-16,79.131
2019-12-17,79.8593
2019-12-18,80.2313
2019-12-19,80.4838
2019-12-20,80.5632
2019-12-23,80.5015
2019-12-24,80.1853
2019-12-26,79.6067
2019-12-27,80.3891
2019-12-30,80.4544
2019-12-31,79.8803
2020-01-01,79.9725
2020-01-02,80.6264
2020-01-03,80.2612
2020-01-06,78.7271
2020-01-07,79.1199
2020-01-08,78.9377
2020-01-09,80.1878
2020-01-10,80.4561
2020-01-13,80.9334
2020-01-14,81.1476
2020-01-15,81.0223
2020-01-16,81.1022
2020-01-17,81.0808
2020-01-20,80.2416
2020-01-21,79.8825
2020-01-22,79.4694
2020-01-23,79.9595
2020-01-24,80.4105
2020-01-27,79.5617
2020-01-28,79.1466
2020-01-29,79.6242
2020-01-30,79.0092
2020-01-31,78.525
2020-02-03,76.8562
2020-02-04,78.6392
2020-02-05,79.3571
2020-02-06,79.6769
2020-02-07,79.4141
2020-02-10,78.9741
2020-02-11,79.4755
2020-02-12,80.088
2020-02-13,79.9135
2020-02-14,79.5115
2020-02-17,79.0859
2020-02-18,78.7358
2020-02-19,79.6109
2020-02-20,79.3151
2020-02-24,77.6647
2020-02-25,77.4573
2020-02-26,76.6714
2020-02-27,76.3742
2020-02-28,73.534
2020-03-02,73.0953
2020-03-03,74.2551
2020-03-04,73.9117
2020-03-05,74.0401
2020-03-06,72.2063
2020-03-09,68.6795
2020-03-11,68.7243
2020-03-12,63.0226
2020-03-13,65.4144
2020-03-16,60.3649
2020-03-17,58.7968
2020-03-18,55.5133
2020-03-19,54.2023
2020-03-20,57.3614
2020-03-23,49.9657
2020-03-24,51.23
2020-03-25,54.5983
2020-03-26,56.7177
2020-03-27,56.8361
2020-03-30,54.3484
2020-03-31,56.4233
2020-04-01,54.1659
2020-04-03,53.0495
2020-04-07,57.6876
2020-04-08,57.4027
2020-04-09,59.7855
2020-04-13,59.0097
2020-04-15,58.56
2020-04-16,59.0022
2020-04-17,60.7994
2020-04-20,60.7668
2020-04-21,58.9274
2020-04-22,60.2778
2020-04-23,61.1094
2020-04-24,60.0627
2020-04-27,60.9018
2020-04-28,61.5485
2020-04-29,62.6865
2020-04-30,64.699
2020-05-04,60.9699
2020-05-05,60.3978
2020-05-06,60.8259
2020-05-07,60.3545
2020-05-08,60.6982
2020-05-11,60.6168
2020-05-12,60.3373
2020-05-13,61.5637
2020-05-14,59.9835
2020-05-15,59.9442
2020-05-18,57.8857
2020-05-19,58.2511
2020-05-20,59.481
2020-05-21,59.7412
2020-05-22,59.3009
2020-05-26,59.2329
2020-05-27,61.1079
2020-05-28,62.2571
2020-05-29,62.9038
2020-06-01,64.5172
2020-06-02,65.5215
2020-06-03,66.0727
2020-06-04,65.8595
2020-06-05,66.6006
2020-06-08,66.7659
2020-06-09,65.9725
2020-06-10,66.4284
2020-06-11,65.0258
2020-06-12,65.4904
2020-06-15,64.4453
2020-06-16,65.1026
2020-06-17,64.8867
2020-06-18,66.2681
2020-06-19,67.2861
2020-06-22,67.7239
2020-06-23,68.7721
2020-06-24,67.6853
2020-06-25,67.5759
2020-06-26,68.1935
2020-06-29,67.7293
2020-06-30,67.6611
2020-07-01,68.5005
2020-07-02,69.3307
2020-07-03,69.6956
2020-07-06,70.7247
2020-07-07,70.9605
2020-07-08,70.3443
2020-07-09,71.1088
2020-07-10,70.8092
2020-07-13,71.0401
2020-07-14,69.7608
2020-07-15,69.8316
2020-07-16,70.6405
2020-07-17,71.7006
2020-07-20,72.4899
2020-07-21,73.4086
2020-07-22,73.2137
2020-07-23,73.7665
2020-07-24,73.6264
2020-07-27,73.2167
2020-07-28,74.3231
2020-07-29,73.6843
2020-07-30,73.0395
2020-07-31,72.851
2020-08-03,71.6589
2020-08-04,72.9945
2020-08-05,73.0544
2020-08-06,73.7198
2020-08-07,73.8106
2020-08-10,74.1781
2020-08-11,74.5216
2020-08-12,74.4285
2020-08-13,74.4088
2020-08-14,73.6075
2020-08-17,74.0578
2020-08-18,74.9658
2020-08-19,75.1235
2020-08-20,74.4912
2020-08-21,74.8807
2020-08-24,75.5033
2020-08-25,75.541
2020-08-26,76.0665
2020-08-27,76.1297
2020-08-28,76.709
2020-08-31,75.0001
2020-09-01,75.5428
2020-09-02,75.9837
2020-09-03,75.9362
2020-09-04,74.6632
2020-09-07,74.8
2020-09-08,74.5514
2020-09-09,74.2919
2020-09-10,75.4196
2020-09-11,75.5174
2020-09-14,75.3594
2020-09-15,75.8979
2020-09-16,76.4418
2020-09-17,75.8592
2020-09-18,75.7854
2020-09-21,74.1095
2020-09-22,73.4714
2020-09-23,73.3272
2020-09-24,71.1751
2020-09-25,72.7847
2020-09-28,73.9508
2020-09-29,73.9165
2020-09-30,74.0812
2020-10-01,75.196
2020-10-05,75.7634
2020-10-06,76.81
2020-10-07,77.3132
2020-10-08,77.9434
2020-10-09,78.4673
2020-10-12,78.5776
2020-10-13,78.6007
2020-10-14,78.8604
2020-10-15,76.9449
2020-10-16,77.4854
2020-10-19,78.2128
2020-10-20,78.3689
2020-10-21,78.6371
2020-10-22,78.3715
2020-10-23,78.6617
2020-10-26,77.59
2020-10-27,78.3907
2020-10-28,77.3593
2020-10-29,76.9931
2020-10-30,76.8057
2020-11-02,76.981
2020-11-03,77.9312
2020-11-04,78.5901
2020-11-05,79.9846
2020-11-06,80.9277
2020-11-09,82.2295
2020-11-10,83.3496
2020-11-11,84.1271
2020-11-12,83.7424
2020-11-13,83.934
2020-11-17,84.9532
2020-11-18,85.3752
2020-11-19,84.2762
2020-11-20,84.8501
2020-11-23,85.2945
2020-11-24,86.1438
2020-11-25,84.8448
2020-11-26,85.6932
2020-11-27,85.5737
2020-12-01,86.4973
2020-12-02,86.5276
2020-12-03,86.6594
2020-12-04,87.4813
2020-12-07,88.1223
2020-12-08,88.3633
2020-12-09,89.2621
2020-12-10,88.9274
2020-12-11,89.1614
2020-12-14,89.453
2020-12-15,89.5169
2020-12-16,90.2734
2020-12-17,90.6756
2020-12-18,90.806
2020-12-21,87.9547
2020-12-22,88.8636
2020-12-23,89.7529
2020-12-24,90.73
2020-12-28,91.5468
2020-12-29,91.9386
2020-12-30,92.2637
2020-12-31,92.2614
2021-01-01,92.5037
2021-01-04,93.257
2021-01-05,93.6963
2021-01-06,93.3445
2021-01-07,93.2856
2021-01-08,94.6701
2021-01-11,95.5777
2021-01-12,96.0968
2021-01-13,96.1058
2021-01-14,96.3179
2021-01-15,95.2489
2021-01-18,94.238
2021-01-19,95.8199
2021-01-20,96.6408
2021-01-21,96.2887
2021-01-22,94.8488
2021-01-25,93.9704
2021-01-27,92.1861
2021-01-28,91.1941
2021-01-29,89.9859
2021-02-01,94.2483
2021-02-02,96.6696
2021-02-03,97.6056
2021-02-04,98.2988
2021-02-05,98.4877
2021-02-08,99.7516
2021-02-09,99.7162
2021-02-10,99.697
2021-02-11,100.1593
2021-02-12,100.0929
2021-02-15,101.1035
2021-02-16,101.0947
2021-02-17,100.434
2021-02-18,99.8406
2021-02-19,98.9354
2021-02-22,96.9833
2021-02-23,97.1938
2021-02-24,99.0057
2021-02-25,99.7661
2021-02-26,96.0142
2021-03-01,97.548
2021-03-02,98.5873
2021-03-03,100.7399
2021-03-04,99.6502
2021-03-05,98.7079
2021-03-08,98.8423
2021-03-09,99.7806
2021-03-10,100.284
2021-03-12,99.3325
2021-03-15,98.678
2021-03-16,98.5514
2021-03-17,97.3004
2021-03-18,96.2213
2021-03-19,97.4502
2021-03-22,97.4065
2021-03-23,97.9358
2021-03-24,96.1815
2021-03-25,94.7031
2021-03-26,95.9058
2021-03-30,98.1319
2021-03-31,97.1142
2021-04-01,98.2808
2021-04-05,96.762
2021-04-06,97.0635
2021-04-07,97.9586
2021-04-08,98.3319
2021-04-09,98.0737
2021-04-12,94.6071
2021-04-13,95.8903
2021-04-15,96.395
2021-04-16,96.6323
2021-04-19,94.9233
2021-04-20,94.5063
2021-04-22,95.2299
2021-04-23,94.8006
2021-04-26,95.7475
2021-04-27,96.858
2021-04-28,98.2544
2021-04-29,98.4854
2021-04-30,96.7422
2021-05-03,96.7598
2021-05-04,95.8495
2021-05-05,96.6504
2021-05-06,97.3568
2021-05-07,98.0051
2021-05-10,98.7906
2021-05-11,98.1843
2021-05-12,97.1644
2021-05-14,97.0389
2021-05-17,98.6576
2021-05-18,99.8789
2021-05-19,99.3628
2021-05-20,98.5415
2021-05-21,100.3232
2021-05-24,100.4689
2021-05-25,100.5704
2021-05-26,101.1843
2021-05-27,101.424
2021-05-28,102.0695
2021-05-31,103.188
2021-06-01,103.1344
2021-06-02,103.1425
2021-06-03,103.9188
2021-06-04,103.785
2021-06-07,104.3201
2021-06-08,104.2424
2021-06-09,103.5498
2021-06-10,104.3158
2021-06-11,104.7563
2021-06-14,104.8591
2021-06-15,105.2374
2021-06-16,104.5642
2021-06-17,104.0897
2021-06-18,104.0349
2021-06-21,104.4499
2021-06-22,104.6224
2021-06-23,104.0539
2021-06-24,104.7431
2021-06-25,105.2045
2021-06-28,104.8997
2021-06-29,104.5036
2021-06-30,104.3272
2021-07-01,104.0514
2021-07-02,104.3287
2021-07-05,105.0785
2021-07-06,104.9707
2021-07-07,105.3762
2021-07-08,104.4024
2021-07-09,104.1537
2021-07-12,104.1697
2021-07-13,104.9621
2021-07-14,105.2447
2021-07-15,105.7331
2021-07-16,105.7269
2021-07-19,104.5919
2021-07-20,103.7944
2021-07-22,105.0741
2021-07-23,105.3136
2021-07-26,105.1017
2021-07-27,104.5935
2021-07-28,104.38
2021-07-29,104.858
2021-07-30,104.7546
2021-08-02,105.568
2021-08-03,107.1963
2021-08-04,108.044
2021-08-05,108.2952
2021-08-06,107.9202
2021-08-09,108.0577
2021-08-10,108.2015
2021-08-11,108.2167
2021-08-12,108.7728
2021-08-13,109.8646
2021-08-16,110.0875
2021-08-17,110.438
2021-08-18,110.1333
2021-08-20,109.3453
2021-08-23,109.6516
2021-08-24,110.5017
2021-08-25,110.5669
2021-08-26,110.5811
2021-08-27,111.0341
2021-08-30,112.5313
2021-08-31,113.866
2021-09-01,113.4934
2021-09-02,114.5529
2021-09-03,115.1471
2021-09-06,115.5037
2021-09-07,115.3981
2021-09-08,115.3883
2021-09-09,115.4919
2021-09-13,115.3956
2021-09-14,115.5586
2021-09-15,116.4832
2021-09-16,117.2136
2021-09-17,116.9178
2021-09-20,115.665
2021-09-21,116.7603
2021-09-22,116.6568
2021-09-23,118.4891
2021-09-24,118.6884
2021-09-27,118.6983
2021-09-28,117.9888
2021-09-29,117.7392
2021-09-30,117.1187
2021-10-01,116.545
2021-10-04,117.6008
2021-10-05,118.481
2021-10-06,117.3091
2021-10-07,118.2664
2021-10-08,118.9613
2021-10-11,119.2957
2021-10-12,119.6
2021-10-13,120.7264
2021-10-14,121.911
2021-10-18,122.8271
2021-10-19,122.4392
2021-10-20,121.4273
2021-10-21,120.8547
2021-10-22,120.4338
2021-10-25,120.4999
2021-10-26,121.561
2021-10-27,121.1763
2021-10-28,118.8274
2021-10-29,117.5923
2021-11-01,119.3042
2021-11-02,119.047
2021-11-03,118.6488
2021-11-08,120.234
2021-11-09,120.0714
2021-11-10,119.8905
2021-11-11,118.9607
2021-11-12,120.4834
2021-11-15,120.5247
2021-11-16,119.7902
2021-11-17,119.1206
2021-11-18,118.2295
2021-11-22,115.9394
2021-11-23,116.5151
2021-11-24,115.9278
2021-11-25,116.7328
2021-11-26,113.339
2021-11-29,113.5195
2021-11-30,113.0483
2021-12-01,114.2687
2021-12-02,115.8303
2021-12-03,114.4679
2021-12-06,112.5724
2021-12-07,114.3285
2021-12-08,116.2766
2021-12-09,116.5889
2021-12-10,116.5508
2021-12-13,115.5967
2021-12-14,115.3069
2021-12-15,114.6172
2021-12-16,114.7954
2021-12-17,113.0433
2021-12-20,110.57
2021-12-21,111.6087
2021-12-22,112.8709
2021-12-23,113.6493
2021-12-24,113.1903
2021-12-27,113.7363
2021-12-28,114.713
2021-12-29,114.5813
2021-12-30,114.5139
2021-12-31,115.5117
2022-01-03,117.3165
2022-01-04,118.5174
2022-01-05,119.3159
2022-01-06,118.12
2022-01-07,118.5636
2022-01-10,119.8288
2022-01-11,120.1771
2022-01-12,121.2181
2022-01-13,121.5194
2022-01-14,121.5049
2022-01-17,121.85
2022-01-18,120.5509
2022-01-19,119.3985
2022-01-20,118.2063
2022-01-21,117.2761
2022-01-24,114.1593
2022-01-25,115.0149
2022-01-27,113.8973
2022-01-28,113.8413
2022-01-31,115.4214
2022-02-01,116.9964
2022-02-02,118.3451
2022-02-03,116.9107
2022-02-04,116.6175
2022-02-07,114.6022
2022-02-08,114.9545
2022-02-09,116.2892
2022-02-10,117.2413
2022-02-11,115.702
2022-02-14,112.2312
2022-02-15,115.6199
2022-02-16,115.4466
2022-02-17,115.3283
2022-02-18,115.1393
2022-02-21,114.7097
2022-02-22,113.9462
2022-02-23,113.7523
2022-02-24,108.3206
2022-02-25,111.0462
2022-02-28,111.9473
2022-03-02,110.6921
2022-03-03,109.9723
2022-03-04,108.2882
2022-03-07,105.7383
2022-03-08,106.7361
2022-03-09,108.9425
2022-03-10,110.6024
2022-03-11,110.8368
2022-03-14,112.4393
2022-03-15,111.0499
2022-03-16,113.1305
2022-03-17,115.2064
2022-03-21,114.073
2022-03-22,115.39
2022-03-23,114.9241
2022-03-24,114.77
2022-03-25,114.3041
2022-03-28,114.7613
2022-03-29,115.4502
2022-03-30,116.5995
2022-03-31,116.3753
2022-04-01,117.7449
2022-04-04,120.2953
2022-04-05,119.6665
2022-04-06,118.6689
2022-04-07,117.5484
2022-04-08,118.5123
2022-04-11,117.7799
2022-04-12,116.8149
2022-04-13,116.4485
2022-04-18,114.4318
2022-04-19,113.001
2022-04-20,114.1848
2022-04-21,115.8944
2022-04-22,114.4235
2022-04-25,112.9673
2022-04-26,114.6111
2022-04-27,113.5284
2022-04-28,114.9329
2022-04-29,113.9827
2022-05-02,113.7565
2022-05-04,111.1465
2022-05-05,111.1786
2022-05-06,109.3716
2022-05-09,108.6404
2022-05-10,108.2281
2022-05-11,107.7409
2022-05-12,105.4504
2022-05-13,105.2772
2022-05-16,105.6749
2022-05-17,108.4507
2022-05-18,108.3226
2022-05-19,105.4498
2022-05-20,108.4896
2022-05-23,108.144
2022-05-24,107.5467
2022-05-25,106.9598
2022-05-26,108.0035
2022-05-27,109.2166
2022-05-30,111.2724
2022-05-31,110.9336
2022-06-01,110.5209
2022-06-02,111.2207
2022-06-03,110.9284
2022-06-06,110.8274
2022-06-07,109.8055
2022-06-08,109.4044
2022-06-09,110.2312
2022-06-10,108.3891
2022-06-13,105.5371
2022-06-14,105.2541
2022-06-15,105.0756
2022-06-16,102.8652
2022-06-17,102.4166
2022-06-20,102.8019
2022-06-21,104.7254
2022-06-22,103.2231
2022-06-23,104.1774
2022-06-24,105.1271
2022-06-27,106.0096
2022-06-28,106.1294
2022-06-29,105.7877
2022-06-30,105.6973
2022-07-01,105.5078
2022-07-04,106.0868
2022-07-05,105.9219
2022-07-06,107.1169
2022-07-07,108.0757
2022-07-08,108.6654
2022-07-11,108.6374
2022-07-12,107.5819
2022-07-13,106.9695
2022-07-14,106.8164
2022-07-15,107.5557
2022-07-18,109.0859
2022-07-19,109.5155
2022-07-20,110.7203
2022-07-21,111.3533
2022-07-22,112.1157
2022-07-25,111.5211
2022-07-26,110.5361
2022-07-27,111.6081
2022-07-28,113.5335
2022-07-29,115.0641
2022-08-01,116.2898
2022-08-02,116.3318
2022-08-03,116.6288
2022-08-04,116.5861
2022-08-05,116.6891
2022-08-08,117.5986
2022-08-10,117.683
2022-08-11,118.5564
2022-08-12,118.822
2022-08-16,119.6705
2022-08-17,120.4662
2022-08-18,120.6102
2022-08-19,119.3073
2022-08-22,117.5091
2022-08-23,118.0903
2022-08-24,118.2735
2022-08-25,117.7191
2022-08-26,117.9626
2022-08-29,116.3099
2022-08-30,119.3031
2022-09-01,117.8483
2022-09-02,117.8248
2022-09-05,118.6692
2022-09-06,118.5996
2022-09-07,118.3894
2022-09-08,119.5586
2022-09-09,119.7896
2022-09-12,120.4791
2022-09-13,121.3765
2022-09-14,120.9303
2022-09-15,120.0807
2022-09-16,117.754
2022-09-19,118.3647
2022-09-20,119.6666
2022-09-21,119.0083
2022-09-22,118.4132
2022-09-23,116.3807
2022-09-26,114.2884
2022-09-27,114.2275
2022-09-28,113.2281
2022-09-29,112.9517
2022-09-30,114.806
2022-10-03,113.4134
2022-10-04,116.0159
2022-10-06,116.3998
2022-10-07,116.2837
2022-10-10,115.7864
2022-10-11,114.0563
2022-10-12,114.9957
2022-10-13,114.261
2022-10-14,115.4109
2022-10-17,116.2674
2022-10-18,117.4427
2022-10-19,117.6276
2022-10-20,117.9734
2022-10-21,118.0552
2022-10-25,118.5893
2022-10-27,119.2205
2022-10-28,119.5544
2022-10-31,121.0743
2022-11-01,121.9909
2022-11-02,121.5698
2022-11-03,121.3666
2022-11-04,121.7982
2022-11-07,122.3703
2022-11-09,122.078
2022-11-10,121.2111
2022-11-11,123.3705
2022-11-14,123.2289
2022-11-15,123.726
2022-11-16,123.7668
2022-11-17,123.3242
2022-11-18,123.0798
2022-11-21,122.0853
2022-11-22,122.6503
2022-11-23,122.8036
2022-11-24,124.2578
2022-11-25,124.4493
2022-11-28,124.7824
2022-11-29,125.1528
2022-11-30,126.0937
2022-12-01,126.4562
2022-12-02,125.673
2022-12-05,125.7031
2022-12-06,125.3102
2022-12-07,124.7569
2022-12-08,125.0841
2022-12-09,124.3251
2022-12-12,124.3263
2022-12-13,125.0699
2022-12-14,125.4204
2022-12-15,123.7677
2022-12-16,122.7864
2022-12-19,123.801
2022-12-20,123.5633
2022-12-21,122.3115
2022-12-22,121.8285
2022-12-23,119.6733
2022-12-26,121.067
2022-12-27,121.857
2022-12-28,121.7901
2022-12-29,122.2483
2022-12-30,121.6709
2023-01-02,122.2878
2023-01-03,122.5224
2023-01-04,121.2477
2023-01-05,120.9052
2023-01-06,120.012
2023-01-09,121.6324
2023-01-10,120.3752
2023-01-11,120.2499
2023-01-12,119.9969
2023-01-13,120.6574
2023-01-16,120.2398
2023-01-17,121.3026
2023-01-18,122.0531
2023-01-19,121.682
2023-01-20,121.1427
2023-01-23,121.7502
2023-01-24,121.7498
2023-01-25,120.2298
2023-01-27,118.2965
2023-01-30,118.5928
2023-01-31,118.6802
2023-02-01,118.3711
2023-02-02,118.3302
2023-02-03,119.9638
2023-02-06,119.3601
2023-02-07,119.0697
2023-02-08,120.0889
2023-02-09,120.2335
2023-02-10,119.9845
2023-02-13,119.4067
2023-02-14,120.4734
2023-02-15,121.1296
2023-02-16,121.2628
2023-02-17,120.6463
2023-02-20,119.975
2023-02-21,119.8536
2023-02-22,118.0247
2023-02-23,117.7345
2023-02-24,117.4294
2023-02-27,116.9358
2023-02-28,116.3381
2023-03-01,117.3237
2023-03-02,116.4566
2023-03-03,118.2836
2023-03-06,119.067
2023-03-08,119.3535
2023-03-09,118.245
2023-03-10,117.0562
2023-03-13,115.3144
2023-03-14,114.5672
2023-03-15,114.0883
2023-03-16,114.1789
2023-03-17,114.9469
2023-03-20,114.1928
2023-03-21,114.9925
2023-03-22,115.2899
2023-03-23,114.7847
2023-03-24,113.8965
2023-03-27,114.167
2023-03-28,113.937
2023-03-29,114.8002
2023-03-31,116.6718
2023-04-03,116.9267
2023-04-05,117.9926
2023-04-06,118.2741
2023-04-10,118.4366
2023-04-11,119.0961
2023-04-12,119.7
2023-04-13,119.8167
2023-04-17,118.9989
2023-04-18,118.6841
2023-04-19,118.4049
2023-04-20,118.4423
2023-04-21,118.4442
2023-04-24,119.2429
2023-04-25,119.4158
2023-04-26,119.713
2023-04-27,120.3935
2023-04-28,121.4289
2023-05-02,121.9805
2023-05-03,121.5911
2023-05-04,122.7046
2023-05-05,121.4488
2023-05-08,122.7595
2023-05-09,122.7686
2023-05-10,123.098
2023-05-11,122.9754
2023-05-12,123.094
2023-05-15,123.6564
2023-05-16,123.1506
2023-05-17,122.4451
2023-05-18,122.096
2023-05-19,122.5964
2023-05-22,123.3394
2023-05-23,123.5645
2023-05-24,123.1425
2023-05-25,123.3816
2023-05-26,124.578
2023-05-29,125.2429
2023-05-30,125.4781
2023-05-31,124.8748
2023-06-01,124.5604
2023-06-02,124.9806
2023-06-05,125.3787
2023-06-06,125.4124
2023-06-07,126.2667
2023-06-08,125.6479
2023-06-09,125.1836
2023-06-12,125.4366
2023-06-13,126.2058
2023-06-14,126.4716
2023-06-15,126.0521
2023-06-16,126.9813
2023-06-19,126.534
2023-06-20,126.9446
2023-06-21,127.2137
2023-06-22,126.6362
2023-06-23,125.9227
2023-06-26,126.0922
2023-06-27,126.9395
2023-06-28,127.9778
2023-06-30,129.4471
2023-07-03,130.3431
2023-07-04,130.7892
2023-07-05,130.8523
2023-07-06,131.5163
2023-07-07,130.406
2023-07-10,130.5649
2023-07-11,131.1384
2023-07-12,130.7652
2023-07-13,131.0219
2023-07-14,132.0577
2023-07-17,133.0435
2023-07-18,133.2972
2023-07-19,133.861
2023-07-20,134.8736
2023-07-21,133.3025
2023-07-24,132.8103
2023-07-25,132.8649
2023-07-26,133.5215
2023-07-27,132.737
2023-07-28,132.6606
2023-07-31,133.3832
2023-08-01,133.2454
2023-08-02,131.9057
2023-08-03,130.9544
2023-08-04,131.8681
2023-08-07,132.4048
2023-08-08,132.2254
2023-08-09,132.7245
2023-08-10,132.121
2023-08-11,131.4006
2023-08-14,131.4546
2023-08-16,131.658
2023-08-17,130.9829
2023-08-18,130.628
2023-08-21,131.2363
2023-08-22,131.2544
2023-08-23,131.5744
2023-08-24,131.1864
2023-08-25,130.3687
2023-08-28,130.637
2023-08-29,130.8827
2023-08-30,130.9141
2023-08-31,130.28
2023-09-01,131.5045
2023-09-04,132.1332
2023-09-05,132.4433
2023-09-06,132.6819
2023-09-07,133.4657
2023-09-08,134.0926
2023-09-11,135.2822
2023-09-12,135.2597
2023-09-13,135.7785
2023-09-14,136.0012
2023-09-15,136.6039
2023-09-18,136.2008
2023-09-20,134.6299
2023-09-21,133.5525
2023-09-22,133.0906
2023-09-25,133.0893
2023-09-26,133.0215
2023-09-27,133.3703
2023-09-29,132.8378
2023-10-03,132.0905
2023-10-04,131.4621
2023-10-05,132.2018
2023-10-06,132.9294
2023-10-09,131.9703
2023-10-10,133.1693
2023-10-11,133.9892
2023-10-12,133.8703
2023-10-13,133.5782
2023-10-16,133.4434
2023-10-17,133.9811
2023-10-18,133.0288
2023-10-19,132.7277
2023-10-20,132.1911
2023-10-23,130.4226
2023-10-25,129.4396
2023-10-26,127.6467
2023-10-27,128.9325
2023-10-30,129.5608
2023-10-31,129.1445
2023-11-01,128.5391
2023-11-02,129.5481
2023-11-03,130.2247
2023-11-06,131.4455
2023-11-07,131.4093
2023-11-08,131.6567
2023-11-09,131.3287
2023-11-10,131.5305
2023-11-13,131.6491
2023-11-15,133.2144
2023-11-16,133.8485
2023-11-17,133.6206
2023-11-20,133.3603
2023-11-21,133.9633
2023-11-22,134.1541
2023-11-23,134.086
2023-11-24,134.0348
2023-11-28,134.6716
2023-11-29,136.069
2023-11-30,136.3144
2023-12-01,137.2247
2023-12-04,140.0572
2023-12-05,141.1933
2023-12-06,141.7509
2023-12-07,141.5015
2023-12-08,141.9619
2023-12-11,142.145
2023-12-12,141.529
2023-12-13,141.6625
2023-12-14,143.3961
2023-12-15,145.249
2023-12-18,144.9869
2023-12-19,145.2187
2023-12-20,143.1663
2023-12-21,143.8748
2023-12-22,144.5118
2023-12-26,145.1279
2023-12-27,146.5714
2023-12-28,147.4051
2023-12-29,147.0833
2024-01-01,147.1499
2024-01-02,146.6331
2024-01-03,145.6263
2024-01-04,146.5809
2024-01-05,146.9326
2024-01-08,145.5885
2024-01-09,145.8023
2024-01-10,146.3001
2024-01-11,146.4914
2024-01-12,148.1635
2024-01-15,149.5338
2024-01-16,149.0914
2024-01-17,145.976
2024-01-18,145.2316
2024-01-19,146.3756
2024-01-23,143.773
2024-01-24,145.2297
2024-01-25,144.5413
2024-01-29,147.1397
2024-01-30,145.6799
2024-01-31,147.0558
2024-02-01,146.863
2024-02-02,147.9201
2024-02-05,147.3595
2024-02-06,148.4407
2024-02-07,148.4457
2024-02-08,147.0913
2024-02-09,147.5411
2024-02-12,146.41
2024-02-13,147.2699
2024-02-14,147.9231
2024-02-15,148.4352
2024-02-16,149.3374
2024-02-19,149.8843
2024-02-20,150.4079
2024-02-21,149.446
2024-02-22,150.544
2024-02-23,150.5096
2024-02-26,149.8912
2024-02-27,150.4062
2024-02-28,148.7307
2024-02-29,148.944
2024-03-01,151.3535
2024-03-04,151.8012
2024-03-05,151.4652
2024-03-06,152.2614
2024-03-07,152.3918
2024-03-11,151.2948
2024-03-12,151.3137
2024-03-13,149.0212
2024-03-14,150.0285
2024-03-15,149.1933
2024-03-18,149.4073
2024-03-19,147.7876
2024-03-20,147.9324
2024-03-21,149.1011
2024-03-22,149.6737
2024-03-26,149.0389
2024-03-27,149.8398
2024-03-28,151.2189
2024-03-31,151.2092
2024-04-01,152.1197
2024-04-02,152.0579
2024-04-03,151.9294
2024-04-04,152.4686
2024-04-05,152.4604
2024-04-08,153.4886
2024-04-09,153.3273
2024-04-10,154.0773
2024-04-12,152.4896
2024-04-15,150.8122
2024-04-16,149.9665
2024-04-18,148.934
2024-04-19,149.9556
2024-04-22,151.2327
2024-04-23,151.445
2024-04-24,151.6762
2024-04-25,152.812
2024-04-26,151.7915
2024-04-29,153.2991
2024-04-30,153.0365
2024-05-02,153.3261
2024-05-03,152.1579
2024-05-06,151.9284
2024-05-07,151.0069
2024-05-08,151.005
2024-05-09,148.6668
2024-05-10,149.5516
2024-05-13,149.8769
2024-05-14,150.6452
2024-05-15,150.5264
2024-05-16,151.9443
2024-05-17,152.3644
2024-05-21,152.7837
2024-05-22,153.3283
2024-05-23,155.8308
2024-05-24,155.7652
2024-05-27,155.5931
2024-05-28,155.2915
2024-05-29,154.0483
2024-05-30,152.584
2024-05-31,153.0208
2024-06-03,157.9812
2024-06-04,148.7422
2024-06-05,153.7148
2024-06-06,155.0733
2024-06-07,158.2486
2024-06-10,158.0338
2024-06-11,158.1062
2024-06-12,158.4982
2024-06-13,159.011
2024-06-14,159.5155
2024-06-18,160.1341
2024-06-19,159.8548
2024-06-20,160.25
2024-06-21,159.8215
2024-06-24,160.0655
2024-06-25,161.3068
2024-06-26,162.3044
2024-06-27,163.4981
2024-06-28,163.2836
2024-07-01,164.1682
2024-07-02,164.0435
2024-07-03,165.1442
2024-07-04,165.2482
2024-07-05,165.4246
2024-07-08,165.3968
2024-07-09,166.1696
2024-07-10,165.4306
2024-07-11,165.3716
2024-07-12,166.6458
2024-07-15,167.2158
2024-07-16,167.4068
2024-07-18,168.6781
2024-07-19,166.8658
2024-07-22,166.7156
2024-07-23,166.5355
2024-07-24,166.0892
2024-07-25,166.0378
2024-07-26,168.946
2024-07-29,168.9508
2024-07-30,169.1062
2024-07-31,169.7419
2024-08-01,170.1544
2024-08-02,168.2034
2024-08-05,163.7162
2024-08-06,163.292
2024-08-07,165.4288
2024-08-08,164.2014
2024-08-09,165.9091
2024-08-12,165.8748
2024-08-13,164.4575
2024-08-14,164.4886
2024-08-16,167.2276
2024-08-19,167.4902
2024-08-20,168.3474
2024-08-21,168.8317
2024-08-22,169.1116
2024-08-23,169.2045
2024-08-26,170.4764
2024-08-27,170.5239
2024-08-28,170.758
2024-08-29,171.4336
2024-08-30,172.0034
2024-09-02,172.2912
2024-09-03,172.2977
2024-09-04,171.7438
2024-09-05,171.3772
2024-09-06,169.3798
2024-09-09,169.9503
2024-09-10,170.6626
2024-09-11,169.8256
2024-09-12,173.0316
2024-09-13,172.8095
2024-09-16,172.9917
2024-09-17,173.2275
2024-09-18,172.9471
2024-09-19,173.2068
2024-09-20,175.7624
2024-09-23,176.7682
2024-09-24,176.7764
2024-09-25,177.2096
2024-09-26,178.6525
2024-09-27,178.3874
2024-09-30,175.8755
2024-10-01,175.7792
2024-10-03,172.0511
2024-10-04,170.4455
2024-10-07,168.9509
2024-10-08,170.4301
2024-10-09,170.2161
2024-10-10,170.3273
2024-10-11,170.0928
2024-10-14,171.2047
2024-10-15,170.7227
2024-10-16,170.1351
2024-10-17,168.625
2024-10-18,169.349
2024-10-21,168.8483
2024-10-22,166.7608
2024-10-23,166.5101
2024-10-24,166.2631
2024-10-25,164.7721
2024-10-28,165.8475
2024-10-29,166.8314
2024-10-30,165.9717
2024-10-31,165.0795
2024-11-04,163.6435
2024-11-05,165.1255
2024-11-06,167.0061
2024-11-07,165.075
2024-11-08,164.7254
2024-11-11,164.6748
2024-11-12,162.9155
2024-11-13,160.7029
2024-11-14,160.5526
2024-11-18,160.0102
2024-11-19,160.4527
2024-11-21,159.3011
2024-11-22,163.1011
2024-11-25,165.2435
2024-11-26,165.0553
2024-11-27,165.6024
2024-11-28,163.1408
2024-11-29,164.6193
2024-12-02,165.6047
2024-12-03,166.8389
2024-12-04,166.9077
2024-12-05,168.5503
2024-12-06,168.3402
2024-12-09,167.9357
2024-12-10,167.8733
2024-12-11,168.0884
2024-12-12,167.4523
2024-12-13,168.9491
2024-12-16,168.2628
2024-12-17,165.9952
2024-12-18,165.0582
2024-12-19,163.3707
2024-12-20,160.885
2024-12-23,162.0135
2024-12-24,161.8362
2024-12-26,161.9877
2024-12-27,162.4184
2024-12-30,161.2656
2024-12-31,161.2637
2025-01-01,161.9314
2025-01-02,164.9706
2025-01-03,163.7151
2025-01-06,161.0606
2025-01-07,161.6861
2025-01-08,161.5555
2025-01-09,160.4464
2025-01-10,159.7972
2025-01-13,157.4377
2025-01-14,158.0508
2025-01-15,158.3026
2025-01-16,158.9735
2025-01-17,158.3785
2025-01-20,159.3405
2025-01-21,157.1564
2025-01-22,158.0463
2025-01-23,158.3862
2025-01-24,157.6133
2025-01-27,155.8156
2025-01-28,156.6881
2025-01-29,158.1075
2025-01-30,158.6956
2025-01-31,160.5026
2025-02-03,159.4938
2025-02-04,162.0738
2025-02-05,161.7792
2025-02-06,161.1607
2025-02-07,160.9225
2025-02-10,159.702
2025-02-11,157.586
2025-02-12,157.4956
2025-02-13,157.4001
2025-02-14,156.7033
2025-02-17,156.9062
2025-02-18,156.8082
2025-02-19,156.7223
2025-02-20,156.5862
2025-02-21,155.7845
2025-02-24,154.1255
2025-02-25,154.0849
2025-02-27,154.0655
2025-02-28,151.1936
2025-03-03,151.1529
2025-03-04,150.9014
2025-03-05,152.6395
2025-03-06,154.0549
2025-03-07,154.1085
2025-03-10,153.4752
2025-03-11,153.7389
2025-03-12,153.5507
2025-03-13,153.0486
2025-03-17,153.8066
2025-03-18,156.0285
2025-03-19,156.5284
2025-03-20,158.4606
2025-03-21,159.552
2025-03-24,161.6522
2025-03-25,161.7218
2025-03-26,160.477
2025-03-27,161.1849
2025-03-28,160.6845
2025-03-31,160.6825
2025-04-01,158.2656
2025-04-02,159.4034
2025-04-03,158.8405
2025-04-04,156.4783
2025-04-07,151.3988
2025-04-08,153.9552
2025-04-09,153.0203
2025-04-11,155.9513
2025-04-15,159.3618
2025-04-16,160.103
2025-04-17,162.9328
2025-04-21,164.7994
2025-04-22,165.0831
2025-04-23,166.1865
2025-04-24,165.6237
2025-04-25,164.206
2025-04-28,166.2068
2025-04-29,166.2564
2025-04-30,166.2434
2025-05-02,166.3261
2025-05-05,167.1043
2025-05-06,166.5464
2025-05-07,166.7826
2025-05-08,165.8206
2025-05-09,164.0089
2025-05-12,170.2699
2025-05-13,167.9019
2025-05-14,168.5049
2025-05-15,171.203
2025-05-16,171.0052
2025-05-19,170.4937
2025-05-20,168.7041
2025-05-21,169.5876
2025-05-22,168.1945
2025-05-23,169.8562
2025-05-26,170.8637
2025-05-27,169.667
2025-05-28,169.2723
2025-05-29,169.8336
2025-05-30,169.4028
2025-06-02,169.1641
2025-06-03,168.0348
2025-06-04,168.6299
2025-06-05,169.5215
2025-06-06,171.243
2025-06-09,171.9233
2025-06-10,171.9432
2025-06-11,172.1958
2025-06-12,170.4666
2025-06-13,169.315
2025-06-16,170.8683
2025-06-17,170.231
2025-06-18,169.9471
2025-06-19,169.8174
2025-06-20,171.999
2025-06-23,171.068
2025-06-24,171.5619
2025-06-25,172.9307
2025-06-26,175.0086
2025-06-27,175.8812
2025-06-30,175.0517
2025-07-01,175.2198
2025-07-02,174.6134
2025-07-03,174.2831
2025-07-04,174.7066
2025-07-07,174.7135
2025-07-08,175.1417
2025-07-09,174.8228
2025-07-10,174.0019
2025-07-11,172.6015
2025-07-14,172.1354
2025-07-15,172.9108
2025-07-16,173.0375
2025-07-17,172.348
2025-07-18,171.4586
2025-07-21,172.2916
2025-07-22,172.0863
2025-07-23,173.1726
2025-07-24,172.1042
2025-07-25,170.6341
2025-07-28,169.5835
2025-07-29,170.5422
2025-07-30,170.7729
2025-07-31,170.1778
2025-08-01,168.8273
2025-08-04,169.9016
2025-08-05,169.3978
2025-08-06,168.8991
2025-08-07,169.048
2025-08-08,167.4614
2025-08-11,168.9804
2025-08-12,168.4329
2025-08-13,169.338
2025-08-14,169.4802
2025-08-18,171.1626
2025-08-19,171.8839
2025-08-20,172.3627
2025-08-21,172.6074
2025-08-22,171.1376
2025-08-25,171.8049
2025-08-26,170.0458
2025-08-28,168.5923
2025-08-29,168.0821
2025-09-01,169.4403
2025-09-02,169.1261
2025-09-03,170.0561
2025-09-04,170.2186
2025-09-05,170.2634
2025-09-08,170.48
2025-09-09,171.1359
2025-09-10,171.8533
2025-09-11,172.0746
2025-09-12,172.8196
2025-09-15,172.5076
2025-09-16,173.6748
2025-09-17,174.3004
2025-09-18,174.9412
2025-09-19,174.2755
2025-09-22,173.4132
2025-09-23,173.1861
2025-09-24,172.4098
2025-09-25,171.266
2025-09-26,169.6395
2025-09-30,169.3216
2025-10-01,170.8694
2025-10-03,171.265
2025-10-06,172.5226
2025-10-07,172.7319
2025-10-08,172.3019
2025-10-09,173.2334
2025-10-10,173.9442
2025-10-13,173.5406
2025-10-14,172.9763
2025-10-15,174.2168
2025-10-16,176.0158
2025-10-17,176.8905
2025-10-20,177.8174
2025-10-23,178.1454
2025-10-24,177.4819
2025-10-27,178.7772
2025-10-28,178.5707
2025-10-29,179.379
2025-10-30,178.1665
2025-10-31,177.0936
2025-11-03,177.3728
2025-11-04,176.2323
2025-11-06,175.6242
2025-11-07,175.558
2025-11-10,176.1491
2025-11-11,176.9779
2025-11-12,178.2193
2025-11-13,178.2408
2025-11-14,178.451
2025-11-17,179.1583
2025-11-18,178.4479
2025-11-19,179.4277
2025-11-20,180.3903
2025-11-21,179.5384
2025-11-24,178.7901
2025-11-25,178.2767
2025-11-26,180.4852
2025-11-27,180.5577
2025-11-28,180.4727
2025-12-01,180.2844
2025-12-02,179.2981
2025-12-03,178.9782
2025-12-04,179.3058
2025-12-05,180.3554
2025-12-08,178.7949
2025-12-09,177.9605
2025-12-10,177.3966
2025-12-11,178.3629
2025-12-12,179.3831
2025-12-15,179.2427
2025-12-16,178.0896
2025-12-17,177.8016
2025-12-18,177.7793
2025-12-19,178.8168
2025-12-22,180.2303
2025-12-23,180.2615
2025-12-24,180.0185
2025-12-26,179.328
2025-12-29,178.6331
2025-12-30,178.6074
2025-12-31,179.9194
2026-01-01,180.0342
2026-01-02,181.285
2026-01-05,180.7414
2026-01-06,180.2466
2026-01-07,179.9836
2026-01-08,178.1651
2026-01-09,176.8305
2026-01-12,177.5622
2026-01-13,177.1617
2026-01-14,176.7008
2026-01-16,177.0023
2026-01-19,176.2481
2026-01-20,173.816
2026-01-21,173.2981
2026-01-22,174.208
2026-01-23,172.5453
2026-01-27,173.4112
2026-01-28,174.5621
2026-01-29,175.0846
2026-01-30,174.4067
2026-02-02,172.8031
2026-02-03,177.2014
2026-02-04,177.5333
2026-02-05,176.6326
2026-02-06,177.0085
2026-02-09,178.2211
2026-02-10,178.6868
2026-02-11,178.8139
2026-02-12,177.8026
2026-02-13,175.4864
2026-02-16,176.9413
2026-02-17,177.2334
2026-02-18,177.8974
2026-02-19,175.383
2026-02-20,176.186
2026-02-23,177.1581
2026-02-24,175.1713
2026-02-25,175.5679
2026-02-26,175.6629
2026-02-27,173.4733
2026-03-02,171.3134
2026-03-04,168.6581
2026-03-05,170.6222
2026-03-06,168.4598
2026-03-09,165.5459
2026-03-10,167.1523
2026-03-11,164.4312
2026-03-12,162.861
2026-03-13,159.4981
2026-03-16,161.2696
2026-03-17,162.4553
2026-03-18,163.8081
2026-03-19,158.4631
2026-03-20,159.2357
2026-03-23,155.0805
2026-03-24,157.8301
2026-03-25,160.5426
2026-03-27,157.1853
2026-03-30,153.8214
2026-03-31,153.8204
2026-04-01,156.2131
2026-04-02,156.4431
2026-04-06,158.1934
2026-04-07,159.2662
2026-04-08,165.2804
2026-04-09,163.7483
2026-04-10,165.6439
2026-04-13,164.2077
2026-04-15,166.8812
2026-04-16,166.6418
2026-04-17,167.72
2026-04-20,167.794
2026-04-21,169.2509
2026-04-22,167.8823
2026-04-23,166.469
2026-04-24,164.6108
2026-04-27,165.9478
2026-04-28,165.2787
2026-04-29,166.53
2026-04-30,165.2885
2026-05-04,166.1212
2026-05-05,165.5239
2026-05-06,167.5746
2026-05-07,167.5435
2026-05-08,166.5056
2026-05-11,164.0201
2026-05-12,161.0145
2026-05-13,161.2411
2026-05-14,163.1474
2026-05-15,162.937
2026-05-18,162.9779
2026-05-19,162.7568
2026-05-20,163.0379
2026-05-21,163.0072
2026-05-22,163.5183
2026-05-25,165.724
2026-05-26,164.9102
2026-05-27,164.864
2026-05-29,162.4137
2026-06-01,161.2744
2026-06-02,161.9674
2026-06-03,161.4298
2026-06-04,161.5039
2026-06-05,161.2311
2026-06-08,159.5491
2026-06-09,160.3683
2026-06-10,160.18
2026-06-11,159.8133
2026-06-12,163.0499
2026-06-15,164.6387
2026-06-16,165.5706
2026-06-17,166.2359
2026-06-18,166.8031
2026-06-19,166.0487
2026-06-22,166.6651
2026-06-23,164.7895
2026-06-24,166.1505
2026-06-25,166.3859
2026-06-29,165.6241
2026-06-30,165.0937
2026-07-01,166.0599
2026-07-02,167.231
2026-07-03,167.9463
2026-07-06,169.0433
2026-07-07,168.843
2026-07-08,165.2803
2026-07-09,165.8459
2026-07-10,167.5587
2026-07-13,167.5839
2026-07-14,166.4857
2026-07-15,166.6851
2026-07-16,166.6443
2026-07-17,168.4731
2026-07-20,167.8084
2026-07-21,167.456
2026-07-22,166.1343
2026-07-23,165.2588
2026-07-24,164.6629
2026-07-27,166.2439
2026-07-28,166.1692
2026-07-29,167.997
2026-07-30,168.4581
2026-07-31,168.9526
2026-08-03,171.7803
2026-08-04,170.6774
2026-08-05,170.7444
2026-08-06,170.8226
2026-08-07,170.4013
2026-08-10,170.4908
2026-08-11,169.712
2026-08-12,169.4626
2026-08-13,169.1951
2026-08-14,168.9883
2026-08-17,168.4405
2026-08-18,167.5173
2026-08-19,166.9839
2026-08-20,168.0473
2026-08-21,168.1852
2026-08-24,167.9521
2026-08-25,168.7519
2026-08-26,167.8713
2026-08-27,167.0589
2026-08-28,167.6454
2026-08-31,166.9809
2026-09-01,166.8087
2026-09-02,165.8523
2026-09-03,165.5665
2026-09-04,165.7577
2026-09-07,164.9307
2026-09-08,163.9302
2026-09-09,162.5167
2026-09-10,162.8363
2026-09-11,162.2824
2026-09-15,160.3375
2026-09-16,161.0225
2026-09-17,161.3885
2026-09-18,161.9125
2026-09-21,162.3793
2026-09-22,161.786
2026-09-23,162.6013
2026-09-24,159.939
2026-09-25,160.4744
2026-09-28,157.9714
2026-09-29,157.5216
2026-09-30,156.8563
2026-10-01,155.4782
